date,time,session,block,load_level,load_w,pv_v,pv_i,pv_w,batt_v,batt_i,batt_w,soc_pct,bus_v
2025-09-22,12:00:00,12h,PV,Low,1.44,18.243,0.079,1.44,12.18,0.0,0.0,70.0,11.937
2025-09-22,12:01:00,12h,PV,Low,1.44,18.327,0.079,1.44,12.176,0.0,0.0,70.0,11.986
2025-09-22,12:02:00,12h,PV,Low,1.44,18.044,0.08,1.44,12.205,0.0,0.0,70.0,12.022
2025-09-22,12:03:00,12h,PV,Low,1.44,18.195,0.079,1.44,12.146,0.0,0.0,70.0,11.884
2025-09-22,12:04:00,12h,PV,Low,1.44,18.308,0.079,1.44,12.149,0.0,0.0,70.0,11.868
2025-09-22,12:05:00,12h,PV,Low,1.44,18.332,0.079,1.44,12.177,0.0,0.0,70.0,11.974
2025-09-22,12:06:00,12h,PV,Low,1.44,18.508,0.078,1.44,12.184,0.0,0.0,70.0,12.031
2025-09-22,12:07:00,12h,PV,Low,1.44,18.265,0.079,1.44,12.175,0.0,0.0,70.0,12.02
2025-09-22,12:08:00,12h,PV,Low,1.44,18.029,0.08,1.44,12.179,0.0,0.0,70.0,11.97
2025-09-22,12:09:00,12h,PV,Low,1.44,18.208,0.079,1.44,12.162,0.0,0.0,70.0,11.916
2025-09-22,12:10:00,12h,PV,Low,1.44,18.22,0.079,1.44,12.185,0.0,0.0,70.0,12.12
2025-09-22,12:11:00,12h,PV,Low,1.44,18.297,0.079,1.44,12.166,0.0,0.0,70.0,12.072
2025-09-22,12:12:00,12h,PV,Low,1.44,18.321,0.079,1.44,12.188,0.0,0.0,70.0,12.122
2025-09-22,12:13:00,12h,PV,Low,1.44,18.521,0.078,1.44,12.193,0.0,0.0,70.0,11.996
2025-09-22,12:14:00,12h,PV,Low,1.44,18.069,0.08,1.44,12.187,0.0,0.0,70.0,12.031
2025-09-22,12:15:00,12h,PV,Low,1.44,18.238,0.079,1.44,12.184,0.0,0.0,70.0,11.963
2025-09-22,12:16:00,12h,PV,Low,1.44,18.208,0.079,1.44,12.17,0.0,0.0,70.0,12.002
2025-09-22,12:17:00,12h,PV,Low,1.44,18.235,0.079,1.44,12.192,0.0,0.0,70.0,12.01
2025-09-22,12:18:00,12h,PV,Low,1.44,18.212,0.079,1.44,12.172,0.0,0.0,70.0,11.951
2025-09-22,12:19:00,12h,PV,Low,1.44,17.999,0.08,1.44,12.186,0.0,0.0,70.0,11.893
2025-09-22,12:20:00,12h,PV,Low,1.44,18.196,0.079,1.44,12.176,0.0,0.0,70.0,11.901
2025-09-22,12:21:00,12h,PV,Low,1.44,18.222,0.079,1.44,12.19,0.0,0.0,70.0,11.857
2025-09-22,12:22:00,12h,PV,Low,1.44,18.395,0.078,1.44,12.166,0.0,0.0,70.0,12.097
2025-09-22,12:23:00,12h,PV,Low,1.44,18.196,0.079,1.44,12.189,0.0,0.0,70.0,12.089
2025-09-22,12:24:00,12h,PV,Low,1.44,18.351,0.078,1.44,12.166,0.0,0.0,70.0,11.993
2025-09-22,12:25:00,12h,PV,Low,1.44,18.208,0.079,1.44,12.186,0.0,0.0,70.0,12.053
2025-09-22,12:26:00,12h,PV,Low,1.44,18.357,0.078,1.44,12.176,0.0,0.0,70.0,11.89
2025-09-22,12:27:00,12h,PV,Low,1.44,18.008,0.08,1.44,12.211,0.0,0.0,70.0,11.935
2025-09-22,12:28:00,12h,PV,Low,1.44,18.382,0.078,1.44,12.158,0.0,0.0,70.0,11.865
2025-09-22,12:29:00,12h,PV,Low,1.44,18.191,0.079,1.44,12.177,0.0,0.0,70.0,12.065
2025-09-22,12:30:00,12h,BAT,Low,1.44,0.0,0.0,0.0,12.162,0.118,1.44,69.05,12.047
2025-09-22,12:31:00,12h,BAT,Low,1.44,0.0,0.0,0.0,12.154,0.118,1.44,68.12,11.953
2025-09-22,12:32:00,12h,BAT,Low,1.44,0.0,0.0,0.0,12.166,0.118,1.44,67.1,12.014
2025-09-22,12:33:00,12h,BAT,Low,1.44,0.0,0.0,0.0,12.126,0.119,1.44,66.15,11.917
2025-09-22,12:34:00,12h,BAT,Low,1.44,0.0,0.0,0.0,12.124,0.119,1.44,65.23,11.996
2025-09-22,12:35:00,12h,BAT,Low,1.44,0.0,0.0,0.0,12.102,0.119,1.44,64.29,12.078
2025-09-22,12:36:00,12h,BAT,Low,1.44,0.0,0.0,0.0,12.08,0.119,1.44,63.24,12.092
2025-09-22,12:37:00,12h,BAT,Low,1.44,0.0,0.0,0.0,12.043,0.12,1.44,62.25,11.989
2025-09-22,12:38:00,12h,BAT,Low,1.44,0.0,0.0,0.0,12.04,0.12,1.44,61.27,12.059
2025-09-22,12:39:00,12h,BAT,Low,1.44,0.0,0.0,0.0,12.024,0.12,1.44,60.34,11.991
2025-09-22,12:40:00,12h,BAT,Low,1.44,0.0,0.0,0.0,12.038,0.12,1.44,59.38,11.985
2025-09-22,12:41:00,12h,BAT,Low,1.44,0.0,0.0,0.0,12.002,0.12,1.44,58.34,11.963
2025-09-22,12:42:00,12h,BAT,Low,1.44,0.0,0.0,0.0,12.015,0.12,1.44,57.33,12.1
2025-09-22,12:43:00,12h,BAT,Low,1.44,0.0,0.0,0.0,11.99,0.12,1.44,56.33,12.117
2025-09-22,12:44:00,12h,BAT,Low,1.44,0.0,0.0,0.0,11.984,0.12,1.44,55.34,11.96
2025-09-22,12:45:00,12h,BAT,Low,1.44,0.0,0.0,0.0,11.949,0.121,1.44,54.27,12.04
2025-09-22,12:46:00,12h,BAT,Low,1.44,0.0,0.0,0.0,11.939,0.121,1.44,53.23,11.955
2025-09-22,12:47:00,12h,BAT,Low,1.44,0.0,0.0,0.0,11.899,0.121,1.44,52.19,11.953
2025-09-22,12:48:00,12h,BAT,Low,1.44,0.0,0.0,0.0,11.916,0.121,1.44,51.24,12.061
2025-09-22,12:49:00,12h,BAT,Low,1.44,0.0,0.0,0.0,11.918,0.121,1.44,50.34,11.893
2025-09-22,12:50:00,12h,BAT,Low,1.44,0.0,0.0,0.0,11.762,0.122,1.44,49.37,12.103
2025-09-22,12:51:00,12h,BAT,Low,1.44,0.0,0.0,0.0,11.77,0.122,1.44,48.33,12.147
2025-09-22,12:52:00,12h,BAT,Low,1.44,0.0,0.0,0.0,11.762,0.122,1.44,47.4,12.026
2025-09-22,12:53:00,12h,BAT,Low,1.44,0.0,0.0,0.0,11.756,0.122,1.44,46.41,12.075
2025-09-22,12:54:00,12h,BAT,Low,1.44,0.0,0.0,0.0,11.73,0.123,1.44,45.34,11.9
2025-09-22,12:55:00,12h,BAT,Low,1.44,0.0,0.0,0.0,11.751,0.123,1.44,44.45,12.108
2025-09-22,12:56:00,12h,BAT,Low,1.44,0.0,0.0,0.0,11.732,0.123,1.44,43.52,12.229
2025-09-22,12:57:00,12h,BAT,Low,1.44,0.0,0.0,0.0,11.738,0.123,1.44,42.53,12.051
2025-09-22,12:58:00,12h,BAT,Low,1.44,0.0,0.0,0.0,11.729,0.123,1.44,41.64,12.048
2025-09-22,12:59:00,12h,BAT,Low,1.44,0.0,0.0,0.0,11.72,0.123,1.44,40.58,12.062
2025-09-22,17:00:00,17h,PV,Med,1.44,17.875,0.081,1.44,11.685,0.0,0.0,34.41,12.031
2025-09-22,17:01:00,17h,PV,Med,1.44,17.964,0.08,1.44,11.674,0.0,0.0,33.81,11.948
2025-09-22,17:02:00,17h,PV,Med,1.44,18.32,0.079,1.44,11.678,0.0,0.0,33.49,12.211
2025-09-22,17:03:00,17h,PV,Med,1.44,18.045,0.08,1.44,11.666,0.0,0.0,32.99,12.006
2025-09-22,17:04:00,17h,PV,Med,1.44,17.992,0.08,1.44,11.675,0.0,0.0,32.34,11.948
2025-09-22,17:05:00,17h,PV,Med,1.44,18.076,0.08,1.44,11.695,0.0,0.0,31.33,11.872
2025-09-22,17:06:00,17h,PV,Med,1.44,18.116,0.079,1.44,11.676,0.0,0.0,30.35,11.999
2025-09-22,17:07:00,17h,PV,Med,1.44,18.057,0.08,1.44,11.656,0.0,0.0,29.74,11.879
2025-09-22,17:08:00,17h,PV,Med,1.44,18.034,0.08,1.44,11.63,0.0,0.0,29.07,11.929
2025-09-22,17:09:00,17h,PV,Med,1.44,18.063,0.08,1.44,11.662,0.0,0.0,28.42,12.086
2025-09-22,17:10:00,17h,PV,Med,1.44,17.992,0.08,1.44,11.658,0.0,0.0,27.92,12.107
2025-09-22,17:11:00,17h,PV,Med,1.44,18.07,0.08,1.44,11.658,0.0,0.0,27.58,11.878
2025-09-22,17:12:00,17h,PV,Med,1.44,17.894,0.08,1.44,11.647,0.0,0.0,27.12,11.947
2025-09-22,17:13:00,17h,PV,Med,1.44,17.97,0.08,1.44,11.633,0.0,0.0,26.45,11.999
2025-09-22,17:14:00,17h,PV,Med,1.44,17.988,0.08,1.44,11.644,0.0,0.0,25.83,12.038
2025-09-22,17:15:00,17h,PV,Med,1.44,18.337,0.079,1.44,11.619,0.0,0.0,25.18,12.063
2025-09-22,17:16:00,17h,PV,Med,1.44,17.729,0.081,1.44,11.619,0.0,0.0,24.61,12.085
2025-09-22,17:17:00,17h,PV,Med,1.44,18.297,0.079,1.44,11.581,0.0,0.0,23.9,12.055
2025-09-22,17:18:00,17h,PV,Med,1.44,17.962,0.08,1.44,11.631,0.0,0.0,23.3,11.892
2025-09-22,17:19:00,17h,PV,Med,1.44,18.137,0.079,1.44,11.617,0.0,0.0,22.55,11.981
2025-09-22,17:20:00,17h,PV,Med,1.44,17.932,0.08,1.44,11.617,0.0,0.0,21.72,12.095
2025-09-22,17:21:00,17h,PV,Med,1.44,18.035,0.08,1.44,11.598,0.0,0.0,21.29,12.08
2025-09-22,17:22:00,17h,PV,Med,1.44,18.16,0.079,1.44,11.619,0.0,0.0,20.59,11.951
2025-09-22,17:23:00,17h,PV,Med,1.44,17.893,0.08,1.44,11.603,0.0,0.0,19.91,11.987
2025-09-22,17:24:00,17h,PV,Med,1.44,18.1,0.08,1.44,11.576,0.0,0.0,19.24,11.932
2025-09-22,17:25:00,17h,PV,Med,1.44,17.937,0.08,1.44,11.565,0.0,0.0,18.76,11.858
2025-09-22,17:26:00,17h,PV,Med,1.44,18.026,0.08,1.44,11.569,0.0,0.0,18.03,11.915
2025-09-22,17:27:00,17h,PV,Med,1.44,18.217,0.079,1.44,11.576,0.0,0.0,17.23,12.116
2025-09-22,17:28:00,17h,PV,Med,1.44,17.921,0.08,1.44,11.583,0.0,0.0,16.66,11.924
2025-09-22,17:29:00,17h,PV,Med,1.44,18.031,0.08,1.44,11.575,0.0,0.0,16.17,11.974
2025-09-22,17:30:00,17h,BAT,Med,1.44,0.0,0.0,0.0,11.575,0.124,1.44,15.0,11.851
2025-09-22,17:31:00,17h,BAT,Med,1.44,0.0,0.0,0.0,11.567,0.124,1.44,15.0,12.036
2025-09-22,17:32:00,17h,BAT,Med,1.44,0.0,0.0,0.0,11.558,0.125,1.44,15.0,12.005
2025-09-22,17:33:00,17h,BAT,Med,1.44,0.0,0.0,0.0,11.541,0.125,1.44,15.0,12.046
2025-09-22,17:34:00,17h,BAT,Med,1.44,0.0,0.0,0.0,11.56,0.125,1.44,15.0,12.086
2025-09-22,17:35:00,17h,BAT,Med,1.44,0.0,0.0,0.0,11.577,0.124,1.44,15.0,12.201
2025-09-22,17:36:00,17h,BAT,Med,1.44,0.0,0.0,0.0,11.579,0.124,1.44,15.0,12.075
2025-09-22,17:37:00,17h,BAT,Med,1.44,0.0,0.0,0.0,11.589,0.124,1.44,15.0,12.006
2025-09-22,17:38:00,17h,BAT,Med,1.44,0.0,0.0,0.0,11.589,0.124,1.44,15.0,12.053
2025-09-22,17:39:00,17h,BAT,Med,1.44,0.0,0.0,0.0,11.563,0.125,1.44,15.0,11.99
2025-09-22,17:40:00,17h,BAT,Med,1.44,0.0,0.0,0.0,11.575,0.124,1.44,15.0,12.101
2025-09-22,17:41:00,17h,BAT,Med,1.44,0.0,0.0,0.0,11.579,0.124,1.44,15.0,12.132
2025-09-22,17:42:00,17h,BAT,Med,1.44,0.0,0.0,0.0,11.581,0.124,1.44,15.0,11.97
2025-09-22,17:43:00,17h,BAT,Med,1.44,0.0,0.0,0.0,11.575,0.124,1.44,15.0,12.045
2025-09-22,17:44:00,17h,BAT,Med,1.44,0.0,0.0,0.0,11.553,0.125,1.44,15.0,12.002
2025-09-22,17:45:00,17h,BAT,Med,1.44,0.0,0.0,0.0,11.552,0.125,1.44,15.0,12.037
2025-09-22,17:46:00,17h,BAT,Med,1.44,0.0,0.0,0.0,11.595,0.124,1.44,15.0,11.977
2025-09-22,17:47:00,17h,BAT,Med,1.44,0.0,0.0,0.0,11.584,0.124,1.44,15.0,11.982
2025-09-22,17:48:00,17h,BAT,Med,1.44,0.0,0.0,0.0,11.568,0.124,1.44,15.0,11.963
2025-09-22,17:49:00,17h,BAT,Med,1.44,0.0,0.0,0.0,11.581,0.124,1.44,15.0,11.994
2025-09-22,17:50:00,17h,BAT,Med,1.44,0.0,0.0,0.0,11.58,0.124,1.44,15.0,12.045
2025-09-22,17:51:00,17h,BAT,Med,1.44,0.0,0.0,0.0,11.592,0.124,1.44,15.0,11.894
2025-09-22,17:52:00,17h,BAT,Med,1.44,0.0,0.0,0.0,11.568,0.124,1.44,15.0,12.096
2025-09-22,17:53:00,17h,BAT,Med,1.44,0.0,0.0,0.0,11.549,0.125,1.44,15.0,11.954
2025-09-22,17:54:00,17h,BAT,Med,1.44,0.0,0.0,0.0,11.583,0.124,1.44,15.0,12.018
2025-09-22,17:55:00,17h,BAT,Med,1.44,0.0,0.0,0.0,11.579,0.124,1.44,15.0,11.963
2025-09-22,17:56:00,17h,BAT,Med,1.44,0.0,0.0,0.0,11.568,0.124,1.44,15.0,12.05
2025-09-22,17:57:00,17h,BAT,Med,1.44,0.0,0.0,0.0,11.573,0.124,1.44,15.0,11.953
2025-09-22,17:58:00,17h,BAT,Med,1.44,0.0,0.0,0.0,11.561,0.125,1.44,15.0,12.057
2025-09-22,17:59:00,17h,BAT,Med,1.44,0.0,0.0,0.0,11.554,0.125,1.44,15.0,11.909
2025-09-23,12:00:00,12h,PV,Med,1.44,18.051,0.08,1.44,12.163,0.0,0.0,70.0,11.945
2025-09-23,12:01:00,12h,PV,Med,1.44,18.261,0.079,1.44,12.165,0.0,0.0,70.0,11.859
2025-09-23,12:02:00,12h,PV,Med,1.44,18.3,0.079,1.44,12.17,0.0,0.0,70.0,12.079
2025-09-23,12:03:00,12h,PV,Med,1.44,18.172,0.079,1.44,12.173,0.0,0.0,70.0,11.946
2025-09-23,12:04:00,12h,PV,Med,1.44,18.045,0.08,1.44,12.186,0.0,0.0,70.0,12.021
2025-09-23,12:05:00,12h,PV,Med,1.44,18.367,0.078,1.44,12.188,0.0,0.0,70.0,11.864
2025-09-23,12:06:00,12h,PV,Med,1.44,18.168,0.079,1.44,12.198,0.0,0.0,70.0,11.953
2025-09-23,12:07:00,12h,PV,Med,1.44,18.233,0.079,1.44,12.203,0.0,0.0,70.0,11.894
2025-09-23,12:08:00,12h,PV,Med,1.44,18.093,0.08,1.44,12.17,0.0,0.0,69.75,12.07
2025-09-23,12:09:00,12h,PV,Med,1.44,18.341,0.079,1.44,12.165,0.0,0.0,69.7,11.839
2025-09-23,12:10:00,12h,PV,Med,1.44,18.282,0.079,1.44,12.18,0.0,0.0,69.7,12.062
2025-09-23,12:11:00,12h,PV,Med,1.44,18.315,0.079,1.44,12.207,0.0,0.0,69.7,11.951
2025-09-23,12:12:00,12h,PV,Med,1.44,18.1,0.08,1.44,12.161,0.0,0.0,69.7,11.979
2025-09-23,12:13:00,12h,PV,Med,1.44,18.175,0.079,1.44,12.185,0.0,0.0,69.69,12.125
2025-09-23,12:14:00,12h,PV,Med,1.44,18.248,0.079,1.44,12.161,0.0,0.0,69.6,12.129
2025-09-23,12:15:00,12h,PV,Med,1.44,18.076,0.08,1.44,12.186,0.0,0.0,69.6,12.001
2025-09-23,12:16:00,12h,PV,Med,1.44,18.147,0.079,1.44,12.192,0.0,0.0,69.6,12.004
2025-09-23,12:17:00,12h,PV,Med,1.44,18.176,0.079,1.44,12.178,0.0,0.0,69.39,11.916
2025-09-23,12:18:00,12h,PV,Med,1.44,18.205,0.079,1.44,12.181,0.0,0.0,69.39,11.974
2025-09-23,12:19:00,12h,PV,Med,1.44,18.062,0.08,1.44,12.178,0.0,0.0,69.39,11.963
2025-09-23,12:20:00,12h,PV,Med,1.44,18.279,0.079,1.44,12.169,0.0,0.0,69.39,11.982
2025-09-23,12:21:00,12h,PV,Med,1.44,18.334,0.079,1.44,12.183,0.0,0.0,69.39,11.94
2025-09-23,12:22:00,12h,PV,Med,1.44,17.992,0.08,1.44,12.166,0.0,0.0,69.39,12.06
2025-09-23,12:23:00,12h,PV,Med,1.44,18.176,0.079,1.44,12.173,0.0,0.0,69.39,11.886
2025-09-23,12:24:00,12h,PV,Med,1.44,18.115,0.079,1.44,12.171,0.0,0.0,69.34,12.08
2025-09-23,12:25:00,12h,PV,Med,1.44,18.26,0.079,1.44,12.194,0.0,0.0,69.33,11.94
2025-09-23,12:26:00,12h,PV,Med,1.44,18.254,0.079,1.44,12.192,0.0,0.0,69.26,11.956
2025-09-23,12:27:00,12h,PV,Med,1.44,18.235,0.079,1.44,12.184,0.0,0.0,69.26,12.028
2025-09-23,12:28:00,12h,PV,Med,1.44,18.384,0.078,1.44,12.148,0.0,0.0,69.26,12.016
2025-09-23,12:29:00,12h,PV,Med,1.44,18.13,0.079,1.44,12.161,0.0,0.0,69.26,11.949
2025-09-23,12:30:00,12h,BAT,Med,1.44,0.0,0.0,0.0,12.166,0.118,1.44,67.48,11.96
2025-09-23,12:31:00,12h,BAT,Med,1.44,0.0,0.0,0.0,12.138,0.119,1.44,65.73,11.953
2025-09-23,12:32:00,12h,BAT,Med,1.44,0.0,0.0,0.0,12.118,0.119,1.44,63.91,12.058
2025-09-23,12:33:00,12h,BAT,Med,1.44,0.0,0.0,0.0,12.078,0.119,1.44,62.15,11.861
2025-09-23,12:34:00,12h,BAT,Med,1.44,0.0,0.0,0.0,12.056,0.119,1.44,60.39,11.939
2025-09-23,12:35:00,12h,BAT,Med,1.44,0.0,0.0,0.0,12.005,0.12,1.44,58.63,12.1
2025-09-23,12:36:00,12h,BAT,Med,1.44,0.0,0.0,0.0,11.985,0.12,1.44,56.64,11.971
2025-09-23,12:37:00,12h,BAT,Med,1.44,0.0,0.0,0.0,11.979,0.12,1.44,54.84,12.063
2025-09-23,12:38:00,12h,BAT,Med,1.44,0.0,0.0,0.0,11.947,0.121,1.44,53.06,11.881
2025-09-23,12:39:00,12h,BAT,Med,1.44,0.0,0.0,0.0,11.929,0.121,1.44,51.18,11.987
2025-09-23,12:40:00,12h,BAT,Med,1.44,0.0,0.0,0.0,11.772,0.122,1.44,49.38,11.901
2025-09-23,12:41:00,12h,BAT,Med,1.44,0.0,0.0,0.0,11.794,0.122,1.44,47.58,12.062
2025-09-23,12:42:00,12h,BAT,Med,1.44,0.0,0.0,0.0,11.745,0.123,1.44,45.8,11.942
2025-09-23,12:43:00,12h,BAT,Med,1.44,0.0,0.0,0.0,11.747,0.123,1.44,43.99,12.034
2025-09-23,12:44:00,12h,BAT,Med,1.44,0.0,0.0,0.0,11.722,0.123,1.44,42.17,11.989
2025-09-23,12:45:00,12h,BAT,Med,1.44,0.0,0.0,0.0,11.708,0.123,1.44,40.29,11.927
2025-09-23,12:46:00,12h,BAT,Med,1.44,0.0,0.0,0.0,11.726,0.123,1.44,38.49,12.101
2025-09-23,12:47:00,12h,BAT,Med,1.44,0.0,0.0,0.0,11.711,0.123,1.44,36.61,12.089
2025-09-23,12:48:00,12h,BAT,Med,1.44,0.0,0.0,0.0,11.687,0.123,1.44,34.81,11.86
2025-09-23,12:49:00,12h,BAT,Med,1.44,0.0,0.0,0.0,11.694,0.123,1.44,33.04,11.95
2025-09-23,12:50:00,12h,BAT,Med,1.44,0.0,0.0,0.0,11.677,0.123,1.44,31.27,12.125
2025-09-23,12:51:00,12h,BAT,Med,1.44,0.0,0.0,0.0,11.663,0.123,1.44,29.5,12.04
2025-09-23,12:52:00,12h,BAT,Med,1.44,0.0,0.0,0.0,11.648,0.124,1.44,27.62,12.09
2025-09-23,12:53:00,12h,BAT,Med,1.44,0.0,0.0,0.0,11.646,0.124,1.44,25.89,12.051
2025-09-23,12:54:00,12h,BAT,Med,1.44,0.0,0.0,0.0,11.607,0.124,1.44,24.14,11.995
2025-09-23,12:55:00,12h,BAT,Med,1.44,0.0,0.0,0.0,11.615,0.124,1.44,22.31,11.924
2025-09-23,12:56:00,12h,BAT,Med,1.44,0.0,0.0,0.0,11.6,0.124,1.44,20.43,12.081
2025-09-23,12:57:00,12h,BAT,Med,1.44,0.0,0.0,0.0,11.627,0.124,1.44,18.65,12.047
2025-09-23,12:58:00,12h,BAT,Med,1.44,0.0,0.0,0.0,11.556,0.125,1.44,16.74,12.108
2025-09-23,12:59:00,12h,BAT,Med,1.44,0.0,0.0,0.0,11.595,0.124,1.44,15.0,12.1
2025-09-23,17:00:00,17h,PV,Med,1.44,17.953,0.08,1.44,11.703,0.0,0.0,34.29,12.071
2025-09-23,17:01:00,17h,PV,Med,1.44,18.133,0.079,1.44,11.668,0.0,0.0,33.95,11.935
2025-09-23,17:02:00,17h,PV,Med,1.44,18.138,0.079,1.44,11.701,0.0,0.0,33.4,11.969
2025-09-23,17:03:00,17h,PV,Med,1.44,18.141,0.079,1.44,11.672,0.0,0.0,33.02,11.883
2025-09-23,17:04:00,17h,PV,Med,1.44,18.19,0.079,1.44,11.701,0.0,0.0,32.38,12.038
2025-09-23,17:05:00,17h,PV,Med,1.44,18.125,0.079,1.44,11.653,0.0,0.0,31.59,12.051
2025-09-23,17:06:00,17h,PV,Med,1.44,18.065,0.08,1.44,11.643,0.0,0.0,30.92,11.959
2025-09-23,17:07:00,17h,PV,Med,1.44,17.901,0.08,1.44,11.67,0.0,0.0,30.18,11.934
2025-09-23,17:08:00,17h,PV,Med,1.44,18.025,0.08,1.44,11.642,0.0,0.0,29.78,12.003
2025-09-23,17:09:00,17h,PV,Med,1.44,18.018,0.08,1.44,11.663,0.0,0.0,29.17,11.912
2025-09-23,17:10:00,17h,PV,Med,1.44,17.98,0.08,1.44,11.639,0.0,0.0,28.58,12.122
2025-09-23,17:11:00,17h,PV,Med,1.44,17.896,0.08,1.44,11.634,0.0,0.0,28.15,12.055
2025-09-23,17:12:00,17h,PV,Med,1.44,18.034,0.08,1.44,11.639,0.0,0.0,27.28,11.951
2025-09-23,17:13:00,17h,PV,Med,1.44,18.141,0.079,1.44,11.654,0.0,0.0,26.72,12.011
2025-09-23,17:14:00,17h,PV,Med,1.44,18.284,0.079,1.44,11.66,0.0,0.0,26.16,12.118
2025-09-23,17:15:00,17h,PV,Med,1.44,18.073,0.08,1.44,11.628,0.0,0.0,25.01,12.004
2025-09-23,17:16:00,17h,PV,Med,1.44,18.121,0.079,1.44,11.628,0.0,0.0,24.47,12.029
2025-09-23,17:17:00,17h,PV,Med,1.44,18.189,0.079,1.44,11.605,0.0,0.0,23.99,12.058
2025-09-23,17:18:00,17h,PV,Med,1.44,18.011,0.08,1.44,11.623,0.0,0.0,23.18,11.933
2025-09-23,17:19:00,17h,PV,Med,1.44,17.93,0.08,1.44,11.625,0.0,0.0,22.9,12.02
2025-09-23,17:20:00,17h,PV,Med,1.44,18.078,0.08,1.44,11.628,0.0,0.0,22.27,12.101
2025-09-23,17:21:00,17h,PV,Med,1.44,18.073,0.08,1.44,11.613,0.0,0.0,21.84,11.936
2025-09-23,17:22:00,17h,PV,Med,1.44,17.827,0.081,1.44,11.586,0.0,0.0,21.15,12.112
2025-09-23,17:23:00,17h,PV,Med,1.44,18.029,0.08,1.44,11.591,0.0,0.0,20.2,12.008
2025-09-23,17:24:00,17h,PV,Med,1.44,17.897,0.08,1.44,11.617,0.0,0.0,19.67,12.052
2025-09-23,17:25:00,17h,PV,Med,1.44,18.279,0.079,1.44,11.57,0.0,0.0,18.78,11.881
2025-09-23,17:26:00,17h,PV,Med,1.44,18.184,0.079,1.44,11.555,0.0,0.0,18.16,12.175
2025-09-23,17:27:00,17h,PV,Med,1.44,18.095,0.08,1.44,11.587,0.0,0.0,17.27,11.903
2025-09-23,17:28:00,17h,PV,Med,1.44,18.058,0.08,1.44,11.608,0.0,0.0,16.52,11.956
2025-09-23,17:29:00,17h,PV,Med,1.44,18.072,0.08,1.44,11.576,0.0,0.0,15.84,12.002
2025-09-23,17:30:00,17h,BAT,Med,1.44,0.0,0.0,0.0,11.586,0.124,1.44,15.0,12.036
2025-09-23,17:31:00,17h,BAT,Med,1.44,0.0,0.0,0.0,11.589,0.124,1.44,15.0,12.005
2025-09-23,17:32:00,17h,BAT,Med,1.44,0.0,0.0,0.0,11.548,0.125,1.44,15.0,12.006
2025-09-23,17:33:00,17h,BAT,Med,1.44,0.0,0.0,0.0,11.584,0.124,1.44,15.0,12.05
2025-09-23,17:34:00,17h,BAT,Med,1.44,0.0,0.0,0.0,11.567,0.124,1.44,15.0,12.032
2025-09-23,17:35:00,17h,BAT,Med,1.44,0.0,0.0,0.0,11.58,0.124,1.44,15.0,12.057
2025-09-23,17:36:00,17h,BAT,Med,1.44,0.0,0.0,0.0,11.562,0.125,1.44,15.0,12.08
2025-09-23,17:37:00,17h,BAT,Med,1.44,0.0,0.0,0.0,11.553,0.125,1.44,15.0,12.029
2025-09-23,17:38:00,17h,BAT,Med,1.44,0.0,0.0,0.0,11.573,0.124,1.44,15.0,12.091
2025-09-23,17:39:00,17h,BAT,Med,1.44,0.0,0.0,0.0,11.593,0.124,1.44,15.0,11.944
2025-09-23,17:40:00,17h,BAT,Med,1.44,0.0,0.0,0.0,11.598,0.124,1.44,15.0,11.965
2025-09-23,17:41:00,17h,BAT,Med,1.44,0.0,0.0,0.0,11.578,0.124,1.44,15.0,11.996
2025-09-23,17:42:00,17h,BAT,Med,1.44,0.0,0.0,0.0,11.567,0.124,1.44,15.0,12.072
2025-09-23,17:43:00,17h,BAT,Med,1.44,0.0,0.0,0.0,11.596,0.124,1.44,15.0,12.063
2025-09-23,17:44:00,17h,BAT,Med,1.44,0.0,0.0,0.0,11.577,0.124,1.44,15.0,11.935
2025-09-23,17:45:00,17h,BAT,Med,1.44,0.0,0.0,0.0,11.582,0.124,1.44,15.0,11.959
2025-09-23,17:46:00,17h,BAT,Med,1.44,0.0,0.0,0.0,11.545,0.125,1.44,15.0,12.048
2025-09-23,17:47:00,17h,BAT,Med,1.44,0.0,0.0,0.0,11.551,0.125,1.44,15.0,12.071
2025-09-23,17:48:00,17h,BAT,Med,1.44,0.0,0.0,0.0,11.587,0.124,1.44,15.0,12.096
2025-09-23,17:49:00,17h,BAT,Med,1.44,0.0,0.0,0.0,11.55,0.125,1.44,15.0,11.861
2025-09-23,17:50:00,17h,BAT,Med,1.44,0.0,0.0,0.0,11.543,0.125,1.44,15.0,12.075
2025-09-23,17:51:00,17h,BAT,Med,1.44,0.0,0.0,0.0,11.592,0.124,1.44,15.0,11.875
2025-09-23,17:52:00,17h,BAT,Med,1.44,0.0,0.0,0.0,11.556,0.125,1.44,15.0,12.095
2025-09-23,17:53:00,17h,BAT,Med,1.44,0.0,0.0,0.0,11.553,0.125,1.44,15.0,11.968
2025-09-23,17:54:00,17h,BAT,Med,1.44,0.0,0.0,0.0,11.565,0.125,1.44,15.0,11.946
2025-09-23,17:55:00,17h,BAT,Med,1.44,0.0,0.0,0.0,11.565,0.125,1.44,15.0,12.06
2025-09-23,17:56:00,17h,BAT,Med,1.44,0.0,0.0,0.0,11.586,0.124,1.44,15.0,12.025
2025-09-23,17:57:00,17h,BAT,Med,1.44,0.0,0.0,0.0,11.592,0.124,1.44,15.0,11.908
2025-09-23,17:58:00,17h,BAT,Med,1.44,0.0,0.0,0.0,11.575,0.124,1.44,15.0,11.929
2025-09-23,17:59:00,17h,BAT,Med,1.44,0.0,0.0,0.0,11.544,0.125,1.44,15.0,11.983
2025-09-24,12:00:00,12h,PV,Med,1.44,17.995,0.08,1.44,12.133,0.0,0.0,68.8,12.068
2025-09-24,12:01:00,12h,PV,Med,1.44,18.048,0.08,1.44,12.166,0.0,0.0,67.4,12.046
2025-09-24,12:02:00,12h,PV,Med,1.44,17.629,0.082,1.44,12.108,0.0,0.0,65.92,12.093
2025-09-24,12:03:00,12h,PV,Med,1.44,17.902,0.08,1.44,12.08,0.0,0.0,64.56,12.037
2025-09-24,12:04:00,12h,PV,Med,1.44,18.039,0.08,1.44,12.082,0.0,0.0,63.2,12.015
2025-09-24,12:05:00,12h,PV,Med,1.44,17.816,0.081,1.44,12.04,0.0,0.0,61.98,11.985
2025-09-24,12:06:00,12h,PV,Med,1.44,18.023,0.08,1.44,12.052,0.0,0.0,60.74,12.054
2025-09-24,12:07:00,12h,PV,Med,1.44,17.728,0.081,1.44,12.014,0.0,0.0,59.38,12.053
2025-09-24,12:08:00,12h,PV,Med,1.44,17.794,0.081,1.44,12.035,0.0,0.0,58.23,12.116
2025-09-24,12:09:00,12h,PV,Med,1.44,18.008,0.08,1.44,11.984,0.0,0.0,56.89,12.017
2025-09-24,12:10:00,12h,PV,Med,1.44,17.901,0.08,1.44,11.984,0.0,0.0,55.53,11.936
2025-09-24,12:11:00,12h,PV,Med,1.44,17.677,0.081,1.44,11.948,0.0,0.0,54.4,12.095
2025-09-24,12:12:00,12h,PV,Med,1.44,17.819,0.081,1.44,11.985,0.0,0.0,53.41,11.91
2025-09-24,12:13:00,12h,PV,Med,1.44,17.953,0.08,1.44,11.946,0.0,0.0,52.43,11.877
2025-09-24,12:14:00,12h,PV,Med,1.44,17.7,0.081,1.44,11.947,0.0,0.0,51.4,12.053
2025-09-24,12:15:00,12h,PV,Med,1.44,17.966,0.08,1.44,11.902,0.0,0.0,50.31,12.114
2025-09-24,12:16:00,12h,PV,Med,1.44,17.945,0.08,1.44,11.772,0.0,0.0,48.98,11.946
2025-09-24,12:17:00,12h,PV,Med,1.44,17.893,0.08,1.44,11.775,0.0,0.0,47.75,12.003
2025-09-24,12:18:00,12h,PV,Med,1.44,17.892,0.08,1.44,11.769,0.0,0.0,46.32,11.872
2025-09-24,12:19:00,12h,PV,Med,1.44,17.944,0.08,1.44,11.763,0.0,0.0,45.12,11.946
2025-09-24,12:20:00,12h,PV,Med,1.44,17.998,0.08,1.44,11.735,0.0,0.0,43.87,11.997
2025-09-24,12:21:00,12h,PV,Med,1.44,17.83,0.081,1.44,11.72,0.0,0.0,42.87,11.919
2025-09-24,12:22:00,12h,PV,Med,1.44,17.907,0.08,1.44,11.737,0.0,0.0,41.46,11.812
2025-09-24,12:23:00,12h,PV,Med,1.44,17.855,0.081,1.44,11.718,0.0,0.0,40.13,11.908
2025-09-24,12:24:00,12h,PV,Med,1.44,17.833,0.081,1.44,11.7,0.0,0.0,38.95,12.01
2025-09-24,12:25:00,12h,PV,Med,1.44,17.796,0.081,1.44,11.695,0.0,0.0,37.84,11.9
2025-09-24,12:26:00,12h,PV,Med,1.44,17.978,0.08,1.44,11.715,0.0,0.0,36.45,11.97
2025-09-24,12:27:00,12h,PV,Med,1.44,17.875,0.081,1.44,11.688,0.0,0.0,35.1,12.003
2025-09-24,12:28:00,12h,PV,Med,1.44,17.905,0.08,1.44,11.687,0.0,0.0,33.64,11.931
2025-09-24,12:29:00,12h,PV,Med,1.44,17.747,0.081,1.44,11.706,0.0,0.0,32.39,12.03
2025-09-24,12:30:00,12h,BAT,Med,1.44,0.0,0.0,0.0,11.673,0.123,1.44,30.61,12.122
2025-09-24,12:31:00,12h,BAT,Med,1.44,0.0,0.0,0.0,11.677,0.123,1.44,28.72,11.834
2025-09-24,12:32:00,12h,BAT,Med,1.44,0.0,0.0,0.0,11.631,0.124,1.44,26.9,12.074
2025-09-24,12:33:00,12h,BAT,Med,1.44,0.0,0.0,0.0,11.638,0.124,1.44,25.04,11.997
2025-09-24,12:34:00,12h,BAT,Med,1.44,0.0,0.0,0.0,11.625,0.124,1.44,23.32,11.908
2025-09-24,12:35:00,12h,BAT,Med,1.44,0.0,0.0,0.0,11.608,0.124,1.44,21.49,11.988
2025-09-24,12:36:00,12h,BAT,Med,1.44,0.0,0.0,0.0,11.613,0.124,1.44,19.64,11.908
2025-09-24,12:37:00,12h,BAT,Med,1.44,0.0,0.0,0.0,11.563,0.125,1.44,17.78,11.84
2025-09-24,12:38:00,12h,BAT,Med,1.44,0.0,0.0,0.0,11.582,0.124,1.44,16.1,12.031
2025-09-24,12:39:00,12h,BAT,Med,1.44,0.0,0.0,0.0,11.577,0.124,1.44,15.0,12.021
2025-09-24,12:40:00,12h,BAT,Med,1.44,0.0,0.0,0.0,11.587,0.124,1.44,15.0,12.234
2025-09-24,12:41:00,12h,BAT,Med,1.44,0.0,0.0,0.0,11.573,0.124,1.44,15.0,11.942
2025-09-24,12:42:00,12h,BAT,Med,1.44,0.0,0.0,0.0,11.535,0.125,1.44,15.0,11.927
2025-09-24,12:43:00,12h,BAT,Med,1.44,0.0,0.0,0.0,11.585,0.124,1.44,15.0,12.197
2025-09-24,12:44:00,12h,BAT,Med,1.44,0.0,0.0,0.0,11.567,0.124,1.44,15.0,11.924
2025-09-24,12:45:00,12h,BAT,Med,1.44,0.0,0.0,0.0,11.573,0.124,1.44,15.0,12.036
2025-09-24,12:46:00,12h,BAT,Med,1.44,0.0,0.0,0.0,11.572,0.124,1.44,15.0,12.163
2025-09-24,12:47:00,12h,BAT,Med,1.44,0.0,0.0,0.0,11.581,0.124,1.44,15.0,11.869
2025-09-24,12:48:00,12h,BAT,Med,1.44,0.0,0.0,0.0,11.595,0.124,1.44,15.0,12.009
2025-09-24,12:49:00,12h,BAT,Med,1.44,0.0,0.0,0.0,11.549,0.125,1.44,15.0,12.03
2025-09-24,12:50:00,12h,BAT,Med,1.44,0.0,0.0,0.0,11.558,0.125,1.44,15.0,11.882
2025-09-24,12:51:00,12h,BAT,Med,1.44,0.0,0.0,0.0,11.592,0.124,1.44,15.0,11.941
2025-09-24,12:52:00,12h,BAT,Med,1.44,0.0,0.0,0.0,11.573,0.124,1.44,15.0,11.933
2025-09-24,12:53:00,12h,BAT,Med,1.44,0.0,0.0,0.0,11.579,0.124,1.44,15.0,11.929
2025-09-24,12:54:00,12h,BAT,Med,1.44,0.0,0.0,0.0,11.537,0.125,1.44,15.0,11.983
2025-09-24,12:55:00,12h,BAT,Med,1.44,0.0,0.0,0.0,11.57,0.124,1.44,15.0,12.067
2025-09-24,12:56:00,12h,BAT,Med,1.44,0.0,0.0,0.0,11.573,0.124,1.44,15.0,12.026
2025-09-24,12:57:00,12h,BAT,Med,1.44,0.0,0.0,0.0,11.575,0.124,1.44,15.0,11.893
2025-09-24,12:58:00,12h,BAT,Med,1.44,0.0,0.0,0.0,11.579,0.124,1.44,15.0,11.983
2025-09-24,12:59:00,12h,BAT,Med,1.44,0.0,0.0,0.0,11.572,0.124,1.44,15.0,11.951
2025-09-24,17:00:00,17h,PV,Med,1.44,17.827,0.081,1.44,11.785,0.0,0.0,48.37,12.045
2025-09-24,17:01:00,17h,PV,Med,1.44,17.969,0.08,1.44,11.761,0.0,0.0,47.15,11.978
2025-09-24,17:02:00,17h,PV,Med,1.44,17.87,0.081,1.44,11.752,0.0,0.0,45.72,11.85
2025-09-24,17:03:00,17h,PV,Med,1.44,17.91,0.08,1.44,11.723,0.0,0.0,44.11,11.959
2025-09-24,17:04:00,17h,PV,Med,1.44,17.728,0.081,1.44,11.743,0.0,0.0,42.91,11.908
2025-09-24,17:05:00,17h,PV,Med,1.44,17.856,0.081,1.44,11.734,0.0,0.0,41.49,12.097
2025-09-24,17:06:00,17h,PV,Med,1.44,17.819,0.081,1.44,11.723,0.0,0.0,40.07,12.122
2025-09-24,17:07:00,17h,PV,Med,1.44,17.817,0.081,1.44,11.712,0.0,0.0,38.6,11.982
2025-09-24,17:08:00,17h,PV,Med,1.44,17.673,0.081,1.44,11.699,0.0,0.0,37.21,11.989
2025-09-24,17:09:00,17h,PV,Med,1.44,17.88,0.081,1.44,11.682,0.0,0.0,35.64,11.946
2025-09-24,17:10:00,17h,PV,Med,1.44,17.988,0.08,1.44,11.685,0.0,0.0,34.37,11.945
2025-09-24,17:11:00,17h,PV,Med,1.44,17.893,0.08,1.44,11.661,0.0,0.0,32.74,12.028
2025-09-24,17:12:00,17h,PV,Med,1.44,0.0,0.0,0.0,11.651,0.124,1.44,31.02,12.063
2025-09-24,17:13:00,17h,PV,Med,1.44,17.826,0.081,1.44,11.653,0.0,0.0,29.35,11.954
2025-09-24,17:14:00,17h,PV,Med,1.44,18.029,0.08,1.44,11.665,0.0,0.0,27.95,11.891
2025-09-24,17:15:00,17h,PV,Med,1.44,17.871,0.081,1.44,11.635,0.0,0.0,26.69,12.006
2025-09-24,17:16:00,17h,PV,Med,1.44,17.916,0.08,1.44,11.642,0.0,0.0,25.47,12.122
2025-09-24,17:17:00,17h,PV,Med,1.44,18.012,0.08,1.44,11.612,0.0,0.0,23.89,12.011
2025-09-24,17:18:00,17h,PV,Med,1.44,0.0,0.0,0.0,11.62,0.124,1.44,22.21,11.988
2025-09-24,17:19:00,17h,PV,Med,1.44,17.849,0.081,1.44,11.602,0.0,0.0,20.64,12.007
2025-09-24,17:20:00,17h,PV,Med,1.44,17.822,0.081,1.44,11.594,0.0,0.0,19.25,11.991
2025-09-24,17:21:00,17h,PV,Med,1.44,18.005,0.08,1.44,11.576,0.0,0.0,18.1,12.072
2025-09-24,17:22:00,17h,PV,Med,1.44,17.746,0.045,0.8,11.587,0.055,0.64,16.5,11.866
2025-09-24,17:23:00,17h,PV,Med,1.44,18.036,0.08,1.44,11.561,0.0,0.0,15.0,12.055
2025-09-24,17:24:00,17h,PV,Med,1.44,17.806,0.081,1.44,11.586,0.0,0.0,15.0,11.966
2025-09-24,17:25:00,17h,PV,Med,1.44,17.984,0.08,1.44,11.58,0.0,0.0,15.0,12.028
2025-09-24,17:26:00,17h,PV,Med,1.44,18.045,0.08,1.44,11.579,0.0,0.0,15.0,12.054
2025-09-24,17:27:00,17h,PV,Med,1.44,17.853,0.081,1.44,11.577,0.0,0.0,15.0,12.025
2025-09-24,17:28:00,17h,PV,Med,1.44,17.613,0.082,1.44,11.563,0.0,0.0,15.0,12.004
2025-09-24,17:29:00,17h,PV,Med,1.44,17.839,0.081,1.44,11.56,0.0,0.0,15.0,12.044
2025-09-24,17:30:00,17h,BAT,Med,1.44,0.0,0.0,0.0,11.566,0.125,1.44,15.0,11.761
2025-09-24,17:31:00,17h,BAT,Med,1.44,0.0,0.0,0.0,11.561,0.125,1.44,15.0,12.093
2025-09-24,17:32:00,17h,BAT,Med,1.44,0.0,0.0,0.0,11.58,0.124,1.44,15.0,11.961
2025-09-24,17:33:00,17h,BAT,Med,1.44,0.0,0.0,0.0,11.556,0.125,1.44,15.0,11.906
2025-09-24,17:34:00,17h,BAT,Med,1.44,0.0,0.0,0.0,11.551,0.125,1.44,15.0,11.902
2025-09-24,17:35:00,17h,BAT,Med,1.44,0.0,0.0,0.0,11.576,0.124,1.44,15.0,11.924
2025-09-24,17:36:00,17h,BAT,Med,1.44,0.0,0.0,0.0,11.584,0.124,1.44,15.0,12.065
2025-09-24,17:37:00,17h,BAT,Med,1.44,0.0,0.0,0.0,11.565,0.125,1.44,15.0,11.982
2025-09-24,17:38:00,17h,BAT,Med,1.44,0.0,0.0,0.0,11.573,0.124,1.44,15.0,12.036
2025-09-24,17:39:00,17h,BAT,Med,1.44,0.0,0.0,0.0,11.56,0.125,1.44,15.0,11.95
2025-09-24,17:40:00,17h,BAT,Med,1.44,0.0,0.0,0.0,11.588,0.124,1.44,15.0,12.016
2025-09-24,17:41:00,17h,BAT,Med,1.44,0.0,0.0,0.0,11.557,0.125,1.44,15.0,11.945
2025-09-24,17:42:00,17h,BAT,Med,1.44,0.0,0.0,0.0,11.549,0.125,1.44,15.0,12.12
2025-09-24,17:43:00,17h,BAT,Med,1.44,0.0,0.0,0.0,11.572,0.124,1.44,15.0,12.189
2025-09-24,17:44:00,17h,BAT,Med,1.44,0.0,0.0,0.0,11.552,0.125,1.44,15.0,11.932
2025-09-24,17:45:00,17h,BAT,Med,1.44,0.0,0.0,0.0,11.568,0.124,1.44,15.0,11.871
2025-09-24,17:46:00,17h,BAT,Med,1.44,0.0,0.0,0.0,11.585,0.124,1.44,15.0,11.987
2025-09-24,17:47:00,17h,BAT,Med,1.44,0.0,0.0,0.0,11.55,0.125,1.44,15.0,11.973
2025-09-24,17:48:00,17h,BAT,Med,1.44,0.0,0.0,0.0,11.591,0.124,1.44,15.0,11.985
2025-09-24,17:49:00,17h,BAT,Med,1.44,0.0,0.0,0.0,11.567,0.124,1.44,15.0,11.979
2025-09-24,17:50:00,17h,BAT,Med,1.44,0.0,0.0,0.0,11.578,0.124,1.44,15.0,11.936
2025-09-24,17:51:00,17h,BAT,Med,1.44,0.0,0.0,0.0,11.595,0.124,1.44,15.0,12.104
2025-09-24,17:52:00,17h,BAT,Med,1.44,0.0,0.0,0.0,11.565,0.125,1.44,15.0,11.861
2025-09-24,17:53:00,17h,BAT,Med,1.44,0.0,0.0,0.0,11.554,0.125,1.44,15.0,11.967
2025-09-24,17:54:00,17h,BAT,Med,1.44,0.0,0.0,0.0,11.574,0.124,1.44,15.0,11.978
2025-09-24,17:55:00,17h,BAT,Med,1.44,0.0,0.0,0.0,11.553,0.125,1.44,15.0,11.94
2025-09-24,17:56:00,17h,BAT,Med,1.44,0.0,0.0,0.0,11.551,0.125,1.44,15.0,11.867
2025-09-24,17:57:00,17h,BAT,Med,1.44,0.0,0.0,0.0,11.571,0.124,1.44,15.0,12.02
2025-09-24,17:58:00,17h,BAT,Med,1.44,0.0,0.0,0.0,11.548,0.125,1.44,15.0,12.012
2025-09-24,17:59:00,17h,BAT,Med,1.44,0.0,0.0,0.0,11.548,0.125,1.44,15.0,12.073
2025-09-25,12:00:00,12h,PV,Med,1.44,18.323,0.079,1.44,11.692,0.0,0.0,34.87,11.916
2025-09-25,12:01:00,12h,PV,Med,1.44,18.266,0.079,1.44,11.69,0.0,0.0,34.87,11.891
2025-09-25,12:02:00,12h,PV,Med,1.44,18.13,0.079,1.44,11.685,0.0,0.0,34.87,11.952
2025-09-25,12:03:00,12h,PV,Med,1.44,18.369,0.078,1.44,11.698,0.0,0.0,34.87,12.048
2025-09-25,12:04:00,12h,PV,Med,1.44,18.435,0.078,1.44,11.669,0.0,0.0,34.85,12.061
2025-09-25,12:05:00,12h,PV,Med,1.44,18.0,0.08,1.44,11.683,0.0,0.0,34.85,11.851
2025-09-25,12:06:00,12h,PV,Med,1.44,18.273,0.079,1.44,11.681,0.0,0.0,34.73,11.975
2025-09-25,12:07:00,12h,PV,Med,1.44,18.113,0.08,1.44,11.704,0.0,0.0,34.73,12.097
2025-09-25,12:08:00,12h,PV,Med,1.44,18.331,0.079,1.44,11.698,0.0,0.0,34.73,12.021
2025-09-25,12:09:00,12h,PV,Med,1.44,18.27,0.079,1.44,11.694,0.0,0.0,34.73,12.198
2025-09-25,12:10:00,12h,PV,Med,1.44,18.223,0.079,1.44,11.7,0.0,0.0,34.54,12.045
2025-09-25,12:11:00,12h,PV,Med,1.44,18.166,0.079,1.44,11.709,0.0,0.0,34.54,11.986
2025-09-25,12:12:00,12h,PV,Med,1.44,18.212,0.079,1.44,11.691,0.0,0.0,34.54,12.063
2025-09-25,12:13:00,12h,PV,Med,1.44,18.288,0.079,1.44,11.663,0.0,0.0,34.52,12.083
2025-09-25,12:14:00,12h,PV,Med,1.44,18.332,0.079,1.44,11.682,0.0,0.0,34.52,11.947
2025-09-25,12:15:00,12h,PV,Med,1.44,18.184,0.079,1.44,11.651,0.0,0.0,34.43,12.119
2025-09-25,12:16:00,12h,PV,Med,1.44,18.12,0.079,1.44,11.701,0.0,0.0,34.4,11.93
2025-09-25,12:17:00,12h,PV,Med,1.44,18.019,0.08,1.44,11.697,0.0,0.0,34.4,12.012
2025-09-25,12:18:00,12h,PV,Med,1.44,18.023,0.08,1.44,11.682,0.0,0.0,34.4,11.978
2025-09-25,12:19:00,12h,PV,Med,1.44,18.377,0.078,1.44,11.689,0.0,0.0,34.29,11.991
2025-09-25,12:20:00,12h,PV,Med,1.44,18.071,0.08,1.44,11.671,0.0,0.0,34.23,11.938
2025-09-25,12:21:00,12h,PV,Med,1.44,18.143,0.079,1.44,11.685,0.0,0.0,34.05,12.026
2025-09-25,12:22:00,12h,PV,Med,1.44,18.224,0.079,1.44,11.683,0.0,0.0,34.05,11.867
2025-09-25,12:23:00,12h,PV,Med,1.44,18.227,0.079,1.44,11.693,0.0,0.0,34.05,11.865
2025-09-25,12:24:00,12h,PV,Med,1.44,18.527,0.078,1.44,11.71,0.0,0.0,34.05,11.982
2025-09-25,12:25:00,12h,PV,Med,1.44,17.944,0.08,1.44,11.679,0.0,0.0,34.05,11.977
2025-09-25,12:26:00,12h,PV,Med,1.44,18.22,0.079,1.44,11.693,0.0,0.0,34.05,12.012
2025-09-25,12:27:00,12h,PV,Med,1.44,18.344,0.078,1.44,11.705,0.0,0.0,34.05,11.914
2025-09-25,12:28:00,12h,PV,Med,1.44,18.445,0.078,1.44,11.697,0.0,0.0,34.05,11.796
2025-09-25,12:29:00,12h,PV,Med,1.44,18.339,0.079,1.44,11.686,0.0,0.0,34.05,11.886
2025-09-25,12:30:00,12h,BAT,Med,1.44,0.0,0.0,0.0,11.675,0.123,1.44,32.19,11.991
2025-09-25,12:31:00,12h,BAT,Med,1.44,0.0,0.0,0.0,11.652,0.124,1.44,30.37,12.049
2025-09-25,12:32:00,12h,BAT,Med,1.44,0.0,0.0,0.0,11.641,0.124,1.44,28.6,11.89
2025-09-25,12:33:00,12h,BAT,Med,1.44,0.0,0.0,0.0,11.653,0.124,1.44,26.91,11.906
2025-09-25,12:34:00,12h,BAT,Med,1.44,0.0,0.0,0.0,11.616,0.124,1.44,25.1,11.906
2025-09-25,12:35:00,12h,BAT,Med,1.44,0.0,0.0,0.0,11.595,0.124,1.44,23.18,12.04
2025-09-25,12:36:00,12h,BAT,Med,1.44,0.0,0.0,0.0,11.59,0.124,1.44,21.3,12.06
2025-09-25,12:37:00,12h,BAT,Med,1.44,0.0,0.0,0.0,11.602,0.124,1.44,19.34,11.93
2025-09-25,12:38:00,12h,BAT,Med,1.44,0.0,0.0,0.0,11.602,0.124,1.44,17.62,11.97
2025-09-25,12:39:00,12h,BAT,Med,1.44,0.0,0.0,0.0,11.563,0.125,1.44,15.87,11.967
2025-09-25,12:40:00,12h,BAT,Med,1.44,0.0,0.0,0.0,11.593,0.124,1.44,15.0,12.13
2025-09-25,12:41:00,12h,BAT,Med,1.44,0.0,0.0,0.0,11.566,0.125,1.44,15.0,12.092
2025-09-25,12:42:00,12h,BAT,Med,1.44,0.0,0.0,0.0,11.598,0.124,1.44,15.0,12.024
2025-09-25,12:43:00,12h,BAT,Med,1.44,0.0,0.0,0.0,11.572,0.124,1.44,15.0,12.075
2025-09-25,12:44:00,12h,BAT,Med,1.44,0.0,0.0,0.0,11.562,0.125,1.44,15.0,11.939
2025-09-25,12:45:00,12h,BAT,Med,1.44,0.0,0.0,0.0,11.573,0.124,1.44,15.0,11.993
2025-09-25,12:46:00,12h,BAT,Med,1.44,0.0,0.0,0.0,11.567,0.124,1.44,15.0,12.113
2025-09-25,12:47:00,12h,BAT,Med,1.44,0.0,0.0,0.0,11.558,0.125,1.44,15.0,12.08
2025-09-25,12:48:00,12h,BAT,Med,1.44,0.0,0.0,0.0,11.563,0.125,1.44,15.0,12.102
2025-09-25,12:49:00,12h,BAT,Med,1.44,0.0,0.0,0.0,11.592,0.124,1.44,15.0,12.058
2025-09-25,12:50:00,12h,BAT,Med,1.44,0.0,0.0,0.0,11.562,0.125,1.44,15.0,11.991
2025-09-25,12:51:00,12h,BAT,Med,1.44,0.0,0.0,0.0,11.582,0.124,1.44,15.0,12.019
2025-09-25,12:52:00,12h,BAT,Med,1.44,0.0,0.0,0.0,11.565,0.125,1.44,15.0,12.05
2025-09-25,12:53:00,12h,BAT,Med,1.44,0.0,0.0,0.0,11.549,0.125,1.44,15.0,11.994
2025-09-25,12:54:00,12h,BAT,Med,1.44,0.0,0.0,0.0,11.538,0.125,1.44,15.0,11.915
2025-09-25,12:55:00,12h,BAT,Med,1.44,0.0,0.0,0.0,11.588,0.124,1.44,15.0,12.088
2025-09-25,12:56:00,12h,BAT,Med,1.44,0.0,0.0,0.0,11.574,0.124,1.44,15.0,11.884
2025-09-25,12:57:00,12h,BAT,Med,1.44,0.0,0.0,0.0,11.573,0.124,1.44,15.0,11.994
2025-09-25,12:58:00,12h,BAT,Med,1.44,0.0,0.0,0.0,11.591,0.124,1.44,15.0,11.921
2025-09-25,12:59:00,12h,BAT,Med,1.44,0.0,0.0,0.0,11.57,0.124,1.44,15.0,11.945
2025-09-25,17:00:00,17h,PV,High,1.44,18.189,0.079,1.44,11.679,0.0,0.0,33.47,12.037
2025-09-25,17:01:00,17h,PV,High,1.44,18.059,0.08,1.44,11.68,0.0,0.0,31.66,12.046
2025-09-25,17:02:00,17h,PV,High,1.44,18.042,0.08,1.44,11.665,0.0,0.0,30.08,12.116
2025-09-25,17:03:00,17h,PV,High,1.44,18.127,0.079,1.44,11.619,0.0,0.0,28.42,11.967
2025-09-25,17:04:00,17h,PV,High,1.44,18.288,0.079,1.44,11.657,0.0,0.0,26.76,11.878
2025-09-25,17:05:00,17h,PV,High,1.44,18.034,0.08,1.44,11.624,0.0,0.0,24.98,11.981
2025-09-25,17:06:00,17h,PV,High,1.44,18.19,0.079,1.44,11.644,0.0,0.0,23.26,11.874
2025-09-25,17:07:00,17h,PV,High,1.44,18.084,0.08,1.44,11.636,0.0,0.0,21.54,12.036
2025-09-25,17:08:00,17h,PV,High,1.44,17.832,0.081,1.44,11.617,0.0,0.0,19.76,12.074
2025-09-25,17:09:00,17h,PV,High,1.44,18.174,0.079,1.44,11.596,0.0,0.0,18.11,12.021
2025-09-25,17:10:00,17h,PV,High,1.44,18.186,0.079,1.44,11.591,0.0,0.0,16.21,11.965
2025-09-25,17:11:00,17h,PV,High,1.44,18.094,0.08,1.44,11.575,0.0,0.0,15.0,12.098
2025-09-25,17:12:00,17h,PV,High,1.44,18.307,0.079,1.44,11.566,0.0,0.0,15.0,12.137
2025-09-25,17:13:00,17h,PV,High,1.44,18.225,0.079,1.44,11.595,0.0,0.0,15.0,11.901
2025-09-25,17:14:00,17h,PV,High,1.44,18.097,0.08,1.44,11.568,0.0,0.0,15.0,11.851
2025-09-25,17:15:00,17h,PV,High,1.44,18.181,0.079,1.44,11.566,0.0,0.0,15.0,11.946
2025-09-25,17:16:00,17h,PV,High,1.44,18.133,0.079,1.44,11.612,0.0,0.0,15.0,11.985
2025-09-25,17:17:00,17h,PV,High,1.44,18.183,0.079,1.44,11.582,0.0,0.0,15.0,12.131
2025-09-25,17:18:00,17h,PV,High,1.44,18.154,0.079,1.44,11.554,0.0,0.0,15.0,11.964
2025-09-25,17:19:00,17h,PV,High,1.44,18.185,0.079,1.44,11.561,0.0,0.0,15.0,11.942
2025-09-25,17:20:00,17h,PV,High,1.44,18.026,0.08,1.44,11.595,0.0,0.0,15.0,12.039
2025-09-25,17:21:00,17h,PV,High,1.44,17.958,0.08,1.44,11.551,0.0,0.0,15.0,11.942
2025-09-25,17:22:00,17h,PV,High,1.44,18.112,0.08,1.44,11.56,0.0,0.0,15.0,12.031
2025-09-25,17:23:00,17h,PV,High,1.44,18.12,0.079,1.44,11.57,0.0,0.0,15.0,11.957
2025-09-25,17:24:00,17h,PV,High,1.44,18.183,0.079,1.44,11.573,0.0,0.0,15.0,12.018
2025-09-25,17:25:00,17h,PV,High,1.44,18.082,0.08,1.44,11.575,0.0,0.0,15.0,12.063
2025-09-25,17:26:00,17h,PV,High,1.44,17.723,0.081,1.44,11.571,0.0,0.0,15.0,12.008
2025-09-25,17:27:00,17h,PV,High,1.44,18.05,0.08,1.44,11.58,0.0,0.0,15.0,12.078
2025-09-25,17:28:00,17h,PV,High,1.44,18.134,0.079,1.44,11.557,0.0,0.0,15.0,12.023
2025-09-25,17:29:00,17h,PV,High,1.44,18.193,0.079,1.44,11.583,0.0,0.0,15.0,11.897
2025-09-25,17:30:00,17h,BAT,High,1.44,0.0,0.0,0.0,11.565,0.125,1.44,15.0,11.944
2025-09-25,17:31:00,17h,BAT,High,1.44,0.0,0.0,0.0,11.573,0.124,1.44,15.0,12.169
2025-09-25,17:32:00,17h,BAT,High,1.44,0.0,0.0,0.0,11.599,0.124,1.44,15.0,11.816
2025-09-25,17:33:00,17h,BAT,High,1.44,0.0,0.0,0.0,11.559,0.125,1.44,15.0,12.022
2025-09-25,17:34:00,17h,BAT,High,1.44,0.0,0.0,0.0,11.576,0.124,1.44,15.0,11.968
2025-09-25,17:35:00,17h,BAT,High,1.44,0.0,0.0,0.0,11.584,0.124,1.44,15.0,11.922
2025-09-25,17:36:00,17h,BAT,High,1.44,0.0,0.0,0.0,11.574,0.124,1.44,15.0,12.037
2025-09-25,17:37:00,17h,BAT,High,1.44,0.0,0.0,0.0,11.577,0.124,1.44,15.0,11.955
2025-09-25,17:38:00,17h,BAT,High,1.44,0.0,0.0,0.0,11.551,0.125,1.44,15.0,12.092
2025-09-25,17:39:00,17h,BAT,High,1.44,0.0,0.0,0.0,11.55,0.125,1.44,15.0,11.939
2025-09-25,17:40:00,17h,BAT,High,1.44,0.0,0.0,0.0,11.546,0.125,1.44,15.0,11.993
2025-09-25,17:41:00,17h,BAT,High,1.44,0.0,0.0,0.0,11.555,0.125,1.44,15.0,12.007
2025-09-25,17:42:00,17h,BAT,High,1.44,0.0,0.0,0.0,11.577,0.124,1.44,15.0,12.138
2025-09-25,17:43:00,17h,BAT,High,1.44,0.0,0.0,0.0,11.595,0.124,1.44,15.0,12.015
2025-09-25,17:44:00,17h,BAT,High,1.44,0.0,0.0,0.0,11.581,0.124,1.44,15.0,11.984
2025-09-25,17:45:00,17h,BAT,High,1.44,0.0,0.0,0.0,11.557,0.125,1.44,15.0,11.97
2025-09-25,17:46:00,17h,BAT,High,1.44,0.0,0.0,0.0,11.569,0.124,1.44,15.0,11.832
2025-09-25,17:47:00,17h,BAT,High,1.44,0.0,0.0,0.0,11.56,0.125,1.44,15.0,12.163
2025-09-25,17:48:00,17h,BAT,High,1.44,0.0,0.0,0.0,11.561,0.125,1.44,15.0,11.884
2025-09-25,17:49:00,17h,BAT,High,1.44,0.0,0.0,0.0,11.581,0.124,1.44,15.0,12.051
2025-09-25,17:50:00,17h,BAT,High,1.44,0.0,0.0,0.0,11.559,0.125,1.44,15.0,12.039
2025-09-25,17:51:00,17h,BAT,High,1.44,0.0,0.0,0.0,11.522,0.125,1.44,15.0,11.96
2025-09-25,17:52:00,17h,BAT,High,1.44,0.0,0.0,0.0,11.56,0.125,1.44,15.0,11.992
2025-09-25,17:53:00,17h,BAT,High,1.44,0.0,0.0,0.0,11.567,0.124,1.44,15.0,12.026
2025-09-25,17:54:00,17h,BAT,High,1.44,0.0,0.0,0.0,11.575,0.124,1.44,15.0,11.904
2025-09-25,17:55:00,17h,BAT,High,1.44,0.0,0.0,0.0,11.555,0.125,1.44,15.0,11.952
2025-09-25,17:56:00,17h,BAT,High,1.44,0.0,0.0,0.0,11.582,0.124,1.44,15.0,12.045
2025-09-25,17:57:00,17h,BAT,High,1.44,0.0,0.0,0.0,11.587,0.124,1.44,15.0,11.846
2025-09-25,17:58:00,17h,BAT,High,1.44,0.0,0.0,0.0,11.553,0.125,1.44,15.0,11.831
2025-09-25,17:59:00,17h,BAT,High,1.44,0.0,0.0,0.0,11.562,0.125,1.44,15.0,12.052
2025-09-26,12:00:00,12h,PV,Low,1.44,18.64,0.077,1.44,11.879,0.0,0.0,50.0,12.023
2025-09-26,12:01:00,12h,PV,Low,1.44,18.351,0.078,1.44,11.888,0.0,0.0,50.0,11.917
2025-09-26,12:02:00,12h,PV,Low,1.44,18.117,0.079,1.44,11.91,0.0,0.0,50.0,11.851
2025-09-26,12:03:00,12h,PV,Low,1.44,17.994,0.08,1.44,11.904,0.0,0.0,50.0,12.079
2025-09-26,12:04:00,12h,PV,Low,1.44,18.189,0.079,1.44,11.888,0.0,0.0,50.0,12.067
2025-09-26,12:05:00,12h,PV,Low,1.44,18.172,0.079,1.44,11.882,0.0,0.0,50.0,12.087
2025-09-26,12:06:00,12h,PV,Low,1.44,18.409,0.078,1.44,11.893,0.0,0.0,50.0,12.056
2025-09-26,12:07:00,12h,PV,Low,1.44,18.2,0.079,1.44,11.88,0.0,0.0,50.0,12.004
2025-09-26,12:08:00,12h,PV,Low,1.44,18.399,0.078,1.44,11.888,0.0,0.0,50.0,12.107
2025-09-26,12:09:00,12h,PV,Low,1.44,18.32,0.079,1.44,11.918,0.0,0.0,50.0,12.056
2025-09-26,12:10:00,12h,PV,Low,1.44,18.151,0.079,1.44,11.917,0.0,0.0,50.0,12.012
2025-09-26,12:11:00,12h,PV,Low,1.44,18.288,0.079,1.44,11.919,0.0,0.0,50.0,12.027
2025-09-26,12:12:00,12h,PV,Low,1.44,18.303,0.079,1.44,11.881,0.0,0.0,50.0,12.033
2025-09-26,12:13:00,12h,PV,Low,1.44,18.083,0.08,1.44,11.9,0.0,0.0,50.0,11.858
2025-09-26,12:14:00,12h,PV,Low,1.44,18.229,0.079,1.44,11.915,0.0,0.0,50.0,11.956
2025-09-26,12:15:00,12h,PV,Low,1.44,18.374,0.078,1.44,11.891,0.0,0.0,50.0,11.969
2025-09-26,12:16:00,12h,PV,Low,1.44,18.294,0.079,1.44,11.916,0.0,0.0,50.0,12.016
2025-09-26,12:17:00,12h,PV,Low,1.44,18.233,0.079,1.44,11.906,0.0,0.0,50.0,12.022
2025-09-26,12:18:00,12h,PV,Low,1.44,18.302,0.079,1.44,11.909,0.0,0.0,50.0,12.087
2025-09-26,12:19:00,12h,PV,Low,1.44,18.144,0.079,1.44,11.913,0.0,0.0,50.0,11.881
2025-09-26,12:20:00,12h,PV,Low,1.44,18.26,0.079,1.44,11.896,0.0,0.0,50.0,11.909
2025-09-26,12:21:00,12h,PV,Low,1.44,18.233,0.079,1.44,11.919,0.0,0.0,50.0,11.978
2025-09-26,12:22:00,12h,PV,Low,1.44,18.322,0.079,1.44,11.9,0.0,0.0,50.0,11.883
2025-09-26,12:23:00,12h,PV,Low,1.44,18.106,0.08,1.44,11.903,0.0,0.0,50.0,12.171
2025-09-26,12:24:00,12h,PV,Low,1.44,18.207,0.079,1.44,11.932,0.0,0.0,50.0,12.014
2025-09-26,12:25:00,12h,PV,Low,1.44,18.384,0.078,1.44,11.891,0.0,0.0,50.0,11.951
2025-09-26,12:26:00,12h,PV,Low,1.44,18.339,0.079,1.44,11.924,0.0,0.0,50.0,11.997
2025-09-26,12:27:00,12h,PV,Low,1.44,18.022,0.08,1.44,11.893,0.0,0.0,50.0,11.905
2025-09-26,12:28:00,12h,PV,Low,1.44,18.207,0.079,1.44,11.905,0.0,0.0,50.0,12.019
2025-09-26,12:29:00,12h,PV,Low,1.44,17.962,0.08,1.44,11.892,0.0,0.0,50.0,12.211
2025-09-26,12:30:00,12h,BAT,Low,1.44,0.0,0.0,0.0,11.775,0.122,1.44,49.01,11.925
2025-09-26,12:31:00,12h,BAT,Low,1.44,0.0,0.0,0.0,11.792,0.122,1.44,48.1,11.989
2025-09-26,12:32:00,12h,BAT,Low,1.44,0.0,0.0,0.0,11.752,0.123,1.44,47.24,12.161
2025-09-26,12:33:00,12h,BAT,Low,1.44,0.0,0.0,0.0,11.747,0.123,1.44,46.3,11.959
2025-09-26,12:34:00,12h,BAT,Low,1.44,0.0,0.0,0.0,11.743,0.123,1.44,45.39,11.895
2025-09-26,12:35:00,12h,BAT,Low,1.44,0.0,0.0,0.0,11.736,0.123,1.44,44.56,12.059
2025-09-26,12:36:00,12h,BAT,Low,1.44,0.0,0.0,0.0,11.748,0.123,1.44,43.49,12.021
2025-09-26,12:37:00,12h,BAT,Low,1.44,0.0,0.0,0.0,11.732,0.123,1.44,42.57,11.845
2025-09-26,12:38:00,12h,BAT,Low,1.44,0.0,0.0,0.0,11.753,0.123,1.44,41.77,12.018
2025-09-26,12:39:00,12h,BAT,Low,1.44,0.0,0.0,0.0,11.708,0.123,1.44,40.72,11.975
2025-09-26,12:40:00,12h,BAT,Low,1.44,0.0,0.0,0.0,11.733,0.123,1.44,39.77,11.906
2025-09-26,12:41:00,12h,BAT,Low,1.44,0.0,0.0,0.0,11.71,0.123,1.44,38.85,12.012
2025-09-26,12:42:00,12h,BAT,Low,1.44,0.0,0.0,0.0,11.688,0.123,1.44,37.77,11.947
2025-09-26,12:43:00,12h,BAT,Low,1.44,0.0,0.0,0.0,11.686,0.123,1.44,36.63,11.948
2025-09-26,12:44:00,12h,BAT,Low,1.44,0.0,0.0,0.0,11.69,0.123,1.44,35.66,12.006
2025-09-26,12:45:00,12h,BAT,Low,1.44,0.0,0.0,0.0,11.669,0.123,1.44,34.75,11.95
2025-09-26,12:46:00,12h,BAT,Low,1.44,0.0,0.0,0.0,11.669,0.123,1.44,33.7,12.102
2025-09-26,12:47:00,12h,BAT,Low,1.44,0.0,0.0,0.0,11.685,0.123,1.44,32.71,12.055
2025-09-26,12:48:00,12h,BAT,Low,1.44,0.0,0.0,0.0,11.662,0.123,1.44,31.76,11.875
2025-09-26,12:49:00,12h,BAT,Low,1.44,0.0,0.0,0.0,11.684,0.123,1.44,30.87,12.006
2025-09-26,12:50:00,12h,BAT,Low,1.44,0.0,0.0,0.0,11.662,0.123,1.44,29.96,11.93
2025-09-26,12:51:00,12h,BAT,Low,1.44,0.0,0.0,0.0,11.635,0.124,1.44,28.98,12.003
2025-09-26,12:52:00,12h,BAT,Low,1.44,0.0,0.0,0.0,11.647,0.124,1.44,27.97,11.966
2025-09-26,12:53:00,12h,BAT,Low,1.44,0.0,0.0,0.0,11.647,0.124,1.44,26.94,12.105
2025-09-26,12:54:00,12h,BAT,Low,1.44,0.0,0.0,0.0,11.624,0.124,1.44,25.97,11.947
2025-09-26,12:55:00,12h,BAT,Low,1.44,0.0,0.0,0.0,11.645,0.124,1.44,24.99,11.998
2025-09-26,12:56:00,12h,BAT,Low,1.44,0.0,0.0,0.0,11.62,0.124,1.44,23.92,12.06
2025-09-26,12:57:00,12h,BAT,Low,1.44,0.0,0.0,0.0,11.609,0.124,1.44,23.06,12.132
2025-09-26,12:58:00,12h,BAT,Low,1.44,0.0,0.0,0.0,11.602,0.124,1.44,21.96,11.913
2025-09-26,12:59:00,12h,BAT,Low,1.44,0.0,0.0,0.0,11.61,0.124,1.44,21.03,12.006
2025-09-26,17:00:00,17h,PV,Med,1.44,18.036,0.08,1.44,12.174,0.0,0.0,69.36,11.861
2025-09-26,17:01:00,17h,PV,Med,1.44,18.019,0.08,1.44,12.16,0.0,0.0,68.62,12.062
2025-09-26,17:02:00,17h,PV,Med,1.44,18.04,0.08,1.44,12.158,0.0,0.0,67.89,12.062
2025-09-26,17:03:00,17h,PV,Med,1.44,18.108,0.08,1.44,12.115,0.0,0.0,67.05,11.933
2025-09-26,17:04:00,17h,PV,Med,1.44,18.087,0.08,1.44,12.122,0.0,0.0,66.44,11.987
2025-09-26,17:05:00,17h,PV,Med,1.44,18.081,0.08,1.44,12.112,0.0,0.0,65.87,12.066
2025-09-26,17:06:00,17h,PV,Med,1.44,18.21,0.079,1.44,12.122,0.0,0.0,65.37,12.025
2025-09-26,17:07:00,17h,PV,Med,1.44,18.049,0.08,1.44,12.137,0.0,0.0,64.88,12.035
2025-09-26,17:08:00,17h,PV,Med,1.44,17.952,0.08,1.44,12.124,0.0,0.0,64.12,12.103
2025-09-26,17:09:00,17h,PV,Med,1.44,18.114,0.079,1.44,12.049,0.0,0.0,63.54,12.077
2025-09-26,17:10:00,17h,PV,Med,1.44,18.13,0.079,1.44,12.067,0.0,0.0,62.98,11.942
2025-09-26,17:11:00,17h,PV,Med,1.44,17.766,0.081,1.44,12.047,0.0,0.0,62.32,11.908
2025-09-26,17:12:00,17h,PV,Med,1.44,18.044,0.08,1.44,12.082,0.0,0.0,61.86,11.924
2025-09-26,17:13:00,17h,PV,Med,1.44,18.029,0.08,1.44,12.047,0.0,0.0,61.2,12.037
2025-09-26,17:14:00,17h,PV,Med,1.44,17.914,0.08,1.44,12.022,0.0,0.0,60.38,12.041
2025-09-26,17:15:00,17h,PV,Med,1.44,18.063,0.08,1.44,12.057,0.0,0.0,59.67,11.951
2025-09-26,17:16:00,17h,PV,Med,1.44,18.206,0.079,1.44,12.044,0.0,0.0,59.18,12.073
2025-09-26,17:17:00,17h,PV,Med,1.44,18.164,0.079,1.44,12.032,0.0,0.0,58.74,11.932
2025-09-26,17:18:00,17h,PV,Med,1.44,17.919,0.08,1.44,12.004,0.0,0.0,58.08,11.992
2025-09-26,17:19:00,17h,PV,Med,1.44,18.039,0.08,1.44,12.006,0.0,0.0,57.29,12.056
2025-09-26,17:20:00,17h,PV,Med,1.44,18.047,0.08,1.44,11.985,0.0,0.0,56.65,12.025
2025-09-26,17:21:00,17h,PV,Med,1.44,18.226,0.079,1.44,11.958,0.0,0.0,55.94,11.934
2025-09-26,17:22:00,17h,PV,Med,1.44,17.861,0.081,1.44,11.99,0.0,0.0,55.26,11.918
2025-09-26,17:23:00,17h,PV,Med,1.44,17.929,0.08,1.44,11.968,0.0,0.0,54.44,11.964
2025-09-26,17:24:00,17h,PV,Med,1.44,17.967,0.08,1.44,11.991,0.0,0.0,53.83,11.994
2025-09-26,17:25:00,17h,PV,Med,1.44,18.018,0.08,1.44,11.937,0.0,0.0,53.15,11.977
2025-09-26,17:26:00,17h,PV,Med,1.44,18.277,0.079,1.44,11.96,0.0,0.0,52.7,11.991
2025-09-26,17:27:00,17h,PV,Med,1.44,18.007,0.08,1.44,11.944,0.0,0.0,51.89,11.973
2025-09-26,17:28:00,17h,PV,Med,1.44,17.89,0.08,1.44,11.925,0.0,0.0,51.28,11.792
2025-09-26,17:29:00,17h,PV,Med,1.44,17.846,0.081,1.44,11.895,0.0,0.0,50.67,12.004
2025-09-26,17:30:00,17h,BAT,Med,1.44,0.0,0.0,0.0,11.766,0.122,1.44,48.86,12.103
2025-09-26,17:31:00,17h,BAT,Med,1.44,0.0,0.0,0.0,11.756,0.122,1.44,47.2,11.952
2025-09-26,17:32:00,17h,BAT,Med,1.44,0.0,0.0,0.0,11.749,0.123,1.44,45.37,12.093
2025-09-26,17:33:00,17h,BAT,Med,1.44,0.0,0.0,0.0,11.739,0.123,1.44,43.69,12.03
2025-09-26,17:34:00,17h,BAT,Med,1.44,0.0,0.0,0.0,11.743,0.123,1.44,41.88,11.93
2025-09-26,17:35:00,17h,BAT,Med,1.44,0.0,0.0,0.0,11.715,0.123,1.44,40.08,12.119
2025-09-26,17:36:00,17h,BAT,Med,1.44,0.0,0.0,0.0,11.694,0.123,1.44,38.29,11.992
2025-09-26,17:37:00,17h,BAT,Med,1.44,0.0,0.0,0.0,11.673,0.123,1.44,36.47,11.942
2025-09-26,17:38:00,17h,BAT,Med,1.44,0.0,0.0,0.0,11.7,0.123,1.44,34.58,12.057
2025-09-26,17:39:00,17h,BAT,Med,1.44,0.0,0.0,0.0,11.672,0.123,1.44,32.77,12.118
2025-09-26,17:40:00,17h,BAT,Med,1.44,0.0,0.0,0.0,11.672,0.123,1.44,30.97,11.966
2025-09-26,17:41:00,17h,BAT,Med,1.44,0.0,0.0,0.0,11.685,0.123,1.44,29.14,12.076
2025-09-26,17:42:00,17h,BAT,Med,1.44,0.0,0.0,0.0,11.675,0.123,1.44,27.33,11.94
2025-09-26,17:43:00,17h,BAT,Med,1.44,0.0,0.0,0.0,11.65,0.124,1.44,25.66,11.835
2025-09-26,17:44:00,17h,BAT,Med,1.44,0.0,0.0,0.0,11.642,0.124,1.44,23.88,11.984
2025-09-26,17:45:00,17h,BAT,Med,1.44,0.0,0.0,0.0,11.632,0.124,1.44,22.07,12.019
2025-09-26,17:46:00,17h,BAT,Med,1.44,0.0,0.0,0.0,11.617,0.124,1.44,20.25,11.973
2025-09-26,17:47:00,17h,BAT,Med,1.44,0.0,0.0,0.0,11.568,0.124,1.44,18.48,12.039
2025-09-26,17:48:00,17h,BAT,Med,1.44,0.0,0.0,0.0,11.595,0.124,1.44,16.74,11.962
2025-09-26,17:49:00,17h,BAT,Med,1.44,0.0,0.0,0.0,11.564,0.125,1.44,15.0,11.985
2025-09-26,17:50:00,17h,BAT,Med,1.44,0.0,0.0,0.0,11.592,0.124,1.44,15.0,12.075
2025-09-26,17:51:00,17h,BAT,Med,1.44,0.0,0.0,0.0,11.559,0.125,1.44,15.0,12.058
2025-09-26,17:52:00,17h,BAT,Med,1.44,0.0,0.0,0.0,11.589,0.124,1.44,15.0,12.15
2025-09-26,17:53:00,17h,BAT,Med,1.44,0.0,0.0,0.0,11.579,0.124,1.44,15.0,11.938
2025-09-26,17:54:00,17h,BAT,Med,1.44,0.0,0.0,0.0,11.577,0.124,1.44,15.0,11.931
2025-09-26,17:55:00,17h,BAT,Med,1.44,0.0,0.0,0.0,11.568,0.124,1.44,15.0,11.884
2025-09-26,17:56:00,17h,BAT,Med,1.44,0.0,0.0,0.0,11.562,0.125,1.44,15.0,11.891
2025-09-26,17:57:00,17h,BAT,Med,1.44,0.0,0.0,0.0,11.574,0.124,1.44,15.0,12.073
2025-09-26,17:58:00,17h,BAT,Med,1.44,0.0,0.0,0.0,11.54,0.125,1.44,15.0,12.01
2025-09-26,17:59:00,17h,BAT,Med,1.44,0.0,0.0,0.0,11.579,0.124,1.44,15.0,11.952
2025-09-27,12:00:00,12h,PV,Low,1.44,18.167,0.079,1.44,12.204,0.0,0.0,69.52,11.735
2025-09-27,12:01:00,12h,PV,Low,1.44,17.793,0.081,1.44,12.205,0.0,0.0,68.92,12.116
2025-09-27,12:02:00,12h,PV,Low,1.44,17.76,0.081,1.44,12.176,0.0,0.0,68.53,11.863
2025-09-27,12:03:00,12h,PV,Low,1.44,17.9,0.08,1.44,12.162,0.0,0.0,68.28,12.097
2025-09-27,12:04:00,12h,PV,Low,1.44,17.844,0.081,1.44,12.135,0.0,0.0,68.01,12.005
2025-09-27,12:05:00,12h,PV,Low,1.44,17.934,0.08,1.44,12.124,0.0,0.0,67.76,11.962
2025-09-27,12:06:00,12h,PV,Low,1.44,17.788,0.081,1.44,12.138,0.0,0.0,67.38,11.952
2025-09-27,12:07:00,12h,PV,Low,1.44,17.96,0.08,1.44,12.149,0.0,0.0,67.09,11.927
2025-09-27,12:08:00,12h,PV,Low,1.44,17.9,0.08,1.44,12.124,0.0,0.0,66.87,12.012
2025-09-27,12:09:00,12h,PV,Low,1.44,0.0,0.0,0.0,12.102,0.119,1.44,65.98,11.998
2025-09-27,12:10:00,12h,PV,Low,1.44,18.199,0.079,1.44,12.103,0.0,0.0,65.74,12.024
2025-09-27,12:11:00,12h,PV,Low,1.44,17.913,0.08,1.44,12.129,0.0,0.0,65.37,11.966
2025-09-27,12:12:00,12h,PV,Low,1.44,17.933,0.08,1.44,12.117,0.0,0.0,65.0,11.957
2025-09-27,12:13:00,12h,PV,Low,1.44,17.892,0.08,1.44,12.088,0.0,0.0,64.78,11.986
2025-09-27,12:14:00,12h,PV,Low,1.44,17.944,0.08,1.44,12.12,0.0,0.0,64.25,11.88
2025-09-27,12:15:00,12h,PV,Low,1.44,17.93,0.08,1.44,12.095,0.0,0.0,63.75,11.995
2025-09-27,12:16:00,12h,PV,Low,1.44,17.809,0.081,1.44,12.076,0.0,0.0,63.54,12.118
2025-09-27,12:17:00,12h,PV,Low,1.44,17.993,0.08,1.44,12.103,0.0,0.0,62.97,12.059
2025-09-27,12:18:00,12h,PV,Low,1.44,18.009,0.08,1.44,12.069,0.0,0.0,62.6,12.078
2025-09-27,12:19:00,12h,PV,Low,1.44,17.748,0.081,1.44,12.088,0.0,0.0,62.28,11.924
2025-09-27,12:20:00,12h,PV,Low,1.44,17.904,0.08,1.44,12.1,0.0,0.0,62.06,11.969
2025-09-27,12:21:00,12h,PV,Low,1.44,17.854,0.081,1.44,12.077,0.0,0.0,61.65,12.042
2025-09-27,12:22:00,12h,PV,Low,1.44,17.929,0.08,1.44,12.066,0.0,0.0,61.22,11.916
2025-09-27,12:23:00,12h,PV,Low,1.44,17.696,0.081,1.44,12.035,0.0,0.0,60.84,12.136
2025-09-27,12:24:00,12h,PV,Low,1.44,17.85,0.081,1.44,12.057,0.0,0.0,60.41,11.972
2025-09-27,12:25:00,12h,PV,Low,1.44,17.875,0.081,1.44,12.064,0.0,0.0,60.18,11.975
2025-09-27,12:26:00,12h,PV,Low,1.44,17.775,0.081,1.44,12.042,0.0,0.0,59.45,12.18
2025-09-27,12:27:00,12h,PV,Low,1.44,18.026,0.08,1.44,12.042,0.0,0.0,58.91,12.005
2025-09-27,12:28:00,12h,PV,Low,1.44,17.858,0.081,1.44,12.008,0.0,0.0,58.5,12.003
2025-09-27,12:29:00,12h,PV,Low,1.44,17.986,0.08,1.44,11.999,0.0,0.0,58.12,12.087
2025-09-27,12:30:00,12h,BAT,Low,1.44,0.0,0.0,0.0,11.972,0.12,1.44,57.09,11.955
2025-09-27,12:31:00,12h,BAT,Low,1.44,0.0,0.0,0.0,11.982,0.12,1.44,56.13,11.889
2025-09-27,12:32:00,12h,BAT,Low,1.44,0.0,0.0,0.0,11.982,0.12,1.44,55.18,12.079
2025-09-27,12:33:00,12h,BAT,Low,1.44,0.0,0.0,0.0,11.933,0.121,1.44,54.3,11.932
2025-09-27,12:34:00,12h,BAT,Low,1.44,0.0,0.0,0.0,11.941,0.121,1.44,53.3,11.96
2025-09-27,12:35:00,12h,BAT,Low,1.44,0.0,0.0,0.0,11.969,0.12,1.44,52.41,11.924
2025-09-27,12:36:00,12h,BAT,Low,1.44,0.0,0.0,0.0,11.932,0.121,1.44,51.46,12.017
2025-09-27,12:37:00,12h,BAT,Low,1.44,0.0,0.0,0.0,11.901,0.121,1.44,50.52,12.063
2025-09-27,12:38:00,12h,BAT,Low,1.44,0.0,0.0,0.0,11.804,0.122,1.44,49.59,11.955
2025-09-27,12:39:00,12h,BAT,Low,1.44,0.0,0.0,0.0,11.772,0.122,1.44,48.62,11.91
2025-09-27,12:40:00,12h,BAT,Low,1.44,0.0,0.0,0.0,11.736,0.123,1.44,47.53,11.993
2025-09-27,12:41:00,12h,BAT,Low,1.44,0.0,0.0,0.0,11.755,0.123,1.44,46.56,12.01
2025-09-27,12:42:00,12h,BAT,Low,1.44,0.0,0.0,0.0,11.768,0.122,1.44,45.58,11.893
2025-09-27,12:43:00,12h,BAT,Low,1.44,0.0,0.0,0.0,11.769,0.122,1.44,44.67,11.894
2025-09-27,12:44:00,12h,BAT,Low,1.44,0.0,0.0,0.0,11.752,0.123,1.44,43.76,11.96
2025-09-27,12:45:00,12h,BAT,Low,1.44,0.0,0.0,0.0,11.725,0.123,1.44,42.87,12.001
2025-09-27,12:46:00,12h,BAT,Low,1.44,0.0,0.0,0.0,11.714,0.123,1.44,41.88,12.054
2025-09-27,12:47:00,12h,BAT,Low,1.44,0.0,0.0,0.0,11.711,0.123,1.44,40.9,12.162
2025-09-27,12:48:00,12h,BAT,Low,1.44,0.0,0.0,0.0,11.749,0.123,1.44,39.94,12.169
2025-09-27,12:49:00,12h,BAT,Low,1.44,0.0,0.0,0.0,11.718,0.123,1.44,38.91,12.0
2025-09-27,12:50:00,12h,BAT,Low,1.44,0.0,0.0,0.0,11.71,0.123,1.44,37.9,11.894
2025-09-27,12:51:00,12h,BAT,Low,1.44,0.0,0.0,0.0,11.676,0.123,1.44,36.83,11.947
2025-09-27,12:52:00,12h,BAT,Low,1.44,0.0,0.0,0.0,11.723,0.123,1.44,35.89,12.022
2025-09-27,12:53:00,12h,BAT,Low,1.44,0.0,0.0,0.0,11.67,0.123,1.44,34.97,12.023
2025-09-27,12:54:00,12h,BAT,Low,1.44,0.0,0.0,0.0,11.694,0.123,1.44,34.06,11.934
2025-09-27,12:55:00,12h,BAT,Low,1.44,0.0,0.0,0.0,11.663,0.123,1.44,33.11,12.03
2025-09-27,12:56:00,12h,BAT,Low,1.44,0.0,0.0,0.0,11.656,0.124,1.44,32.09,12.091
2025-09-27,12:57:00,12h,BAT,Low,1.44,0.0,0.0,0.0,11.686,0.123,1.44,31.11,12.114
2025-09-27,12:58:00,12h,BAT,Low,1.44,0.0,0.0,0.0,11.657,0.124,1.44,30.21,11.91
2025-09-27,12:59:00,12h,BAT,Low,1.44,0.0,0.0,0.0,11.642,0.124,1.44,29.21,12.093
2025-09-27,17:00:00,17h,PV,Med,1.44,17.886,0.081,1.44,12.122,0.0,0.0,68.6,11.98
2025-09-27,17:01:00,17h,PV,Med,1.44,17.893,0.08,1.44,12.14,0.0,0.0,67.13,11.897
2025-09-27,17:02:00,17h,PV,Med,1.44,17.914,0.08,1.44,12.124,0.0,0.0,65.55,11.977
2025-09-27,17:03:00,17h,PV,Med,1.44,18.026,0.08,1.44,12.12,0.0,0.0,64.28,11.967
2025-09-27,17:04:00,17h,PV,Med,1.44,17.979,0.08,1.44,12.068,0.0,0.0,62.86,11.965
2025-09-27,17:05:00,17h,PV,Med,1.44,17.798,0.081,1.44,12.059,0.0,0.0,61.52,11.896
2025-09-27,17:06:00,17h,PV,Med,1.44,17.812,0.081,1.44,12.041,0.0,0.0,60.18,11.98
2025-09-27,17:07:00,17h,PV,Med,1.44,17.801,0.081,1.44,12.014,0.0,0.0,58.67,12.119
2025-09-27,17:08:00,17h,PV,Med,1.44,17.745,0.081,1.44,12.031,0.0,0.0,57.48,12.032
2025-09-27,17:09:00,17h,PV,Med,1.44,17.758,0.039,0.7,11.969,0.062,0.74,55.85,12.04
2025-09-27,17:10:00,17h,PV,Med,1.44,17.842,0.081,1.44,11.955,0.0,0.0,54.75,11.957
2025-09-27,17:11:00,17h,PV,Med,1.44,18.018,0.08,1.44,11.945,0.0,0.0,53.44,11.982
2025-09-27,17:12:00,17h,PV,Med,1.44,17.819,0.081,1.44,11.935,0.0,0.0,52.13,11.881
2025-09-27,17:13:00,17h,PV,Med,1.44,17.866,0.081,1.44,11.902,0.0,0.0,50.69,12.005
2025-09-27,17:14:00,17h,PV,Med,1.44,17.881,0.081,1.44,11.758,0.0,0.0,49.41,12.008
2025-09-27,17:15:00,17h,PV,Med,1.44,0.0,0.0,0.0,11.749,0.123,1.44,47.65,11.979
2025-09-27,17:16:00,17h,PV,Med,1.44,17.78,0.081,1.44,11.749,0.0,0.0,46.14,12.05
2025-09-27,17:17:00,17h,PV,Med,1.44,17.931,0.08,1.44,11.715,0.0,0.0,45.06,12.004
2025-09-27,17:18:00,17h,PV,Med,1.44,17.958,0.08,1.44,11.748,0.0,0.0,43.77,11.955
2025-09-27,17:19:00,17h,PV,Med,1.44,18.035,0.08,1.44,11.728,0.0,0.0,42.6,11.991
2025-09-27,17:20:00,17h,PV,Med,1.44,17.935,0.08,1.44,11.706,0.0,0.0,41.29,12.053
2025-09-27,17:21:00,17h,PV,Med,1.44,17.813,0.081,1.44,11.739,0.0,0.0,39.99,12.009
2025-09-27,17:22:00,17h,PV,Med,1.44,17.82,0.081,1.44,11.705,0.0,0.0,38.49,11.963
2025-09-27,17:23:00,17h,PV,Med,1.44,17.916,0.08,1.44,11.71,0.0,0.0,36.95,12.097
2025-09-27,17:24:00,17h,PV,Med,1.44,17.806,0.081,1.44,11.702,0.0,0.0,35.56,12.007
2025-09-27,17:25:00,17h,PV,Med,1.44,17.796,0.081,1.44,11.676,0.0,0.0,34.11,11.883
2025-09-27,17:26:00,17h,PV,Med,1.44,17.845,0.081,1.44,11.667,0.0,0.0,32.69,11.978
2025-09-27,17:27:00,17h,PV,Med,1.44,0.0,0.0,0.0,11.669,0.123,1.44,31.09,12.098
2025-09-27,17:28:00,17h,PV,Med,1.44,0.0,0.0,0.0,11.663,0.123,1.44,29.37,12.029
2025-09-27,17:29:00,17h,PV,Med,1.44,17.917,0.08,1.44,11.651,0.0,0.0,28.01,12.141
2025-09-27,17:30:00,17h,BAT,Med,1.44,0.0,0.0,0.0,11.637,0.124,1.44,26.16,12.153
2025-09-27,17:31:00,17h,BAT,Med,1.44,0.0,0.0,0.0,11.62,0.124,1.44,24.38,12.118
2025-09-27,17:32:00,17h,BAT,Med,1.44,0.0,0.0,0.0,11.629,0.124,1.44,22.59,12.083
2025-09-27,17:33:00,17h,BAT,Med,1.44,0.0,0.0,0.0,11.604,0.124,1.44,20.74,11.975
2025-09-27,17:34:00,17h,BAT,Med,1.44,0.0,0.0,0.0,11.59,0.124,1.44,18.89,11.905
2025-09-27,17:35:00,17h,BAT,Med,1.44,0.0,0.0,0.0,11.574,0.124,1.44,17.05,11.933
2025-09-27,17:36:00,17h,BAT,Med,1.44,0.0,0.0,0.0,11.568,0.124,1.44,15.35,12.095
2025-09-27,17:37:00,17h,BAT,Med,1.44,0.0,0.0,0.0,11.58,0.124,1.44,15.0,11.904
2025-09-27,17:38:00,17h,BAT,Med,1.44,0.0,0.0,0.0,11.587,0.124,1.44,15.0,11.783
2025-09-27,17:39:00,17h,BAT,Med,1.44,0.0,0.0,0.0,11.578,0.124,1.44,15.0,12.062
2025-09-27,17:40:00,17h,BAT,Med,1.44,0.0,0.0,0.0,11.581,0.124,1.44,15.0,12.007
2025-09-27,17:41:00,17h,BAT,Med,1.44,0.0,0.0,0.0,11.555,0.125,1.44,15.0,12.079
2025-09-27,17:42:00,17h,BAT,Med,1.44,0.0,0.0,0.0,11.582,0.124,1.44,15.0,11.904
2025-09-27,17:43:00,17h,BAT,Med,1.44,0.0,0.0,0.0,11.561,0.125,1.44,15.0,11.917
2025-09-27,17:44:00,17h,BAT,Med,1.44,0.0,0.0,0.0,11.577,0.124,1.44,15.0,12.019
2025-09-27,17:45:00,17h,BAT,Med,1.44,0.0,0.0,0.0,11.57,0.124,1.44,15.0,11.939
2025-09-27,17:46:00,17h,BAT,Med,1.44,0.0,0.0,0.0,11.57,0.124,1.44,15.0,12.053
2025-09-27,17:47:00,17h,BAT,Med,1.44,0.0,0.0,0.0,11.566,0.125,1.44,15.0,12.07
2025-09-27,17:48:00,17h,BAT,Med,1.44,0.0,0.0,0.0,11.55,0.125,1.44,15.0,11.981
2025-09-27,17:49:00,17h,BAT,Med,1.44,0.0,0.0,0.0,11.554,0.125,1.44,15.0,12.008
2025-09-27,17:50:00,17h,BAT,Med,1.44,0.0,0.0,0.0,11.566,0.125,1.44,15.0,12.034
2025-09-27,17:51:00,17h,BAT,Med,1.44,0.0,0.0,0.0,11.562,0.125,1.44,15.0,12.01
2025-09-27,17:52:00,17h,BAT,Med,1.44,0.0,0.0,0.0,11.567,0.124,1.44,15.0,12.053
2025-09-27,17:53:00,17h,BAT,Med,1.44,0.0,0.0,0.0,11.528,0.125,1.44,15.0,11.961
2025-09-27,17:54:00,17h,BAT,Med,1.44,0.0,0.0,0.0,11.549,0.125,1.44,15.0,11.977
2025-09-27,17:55:00,17h,BAT,Med,1.44,0.0,0.0,0.0,11.578,0.124,1.44,15.0,11.981
2025-09-27,17:56:00,17h,BAT,Med,1.44,0.0,0.0,0.0,11.557,0.125,1.44,15.0,11.966
2025-09-27,17:57:00,17h,BAT,Med,1.44,0.0,0.0,0.0,11.565,0.125,1.44,15.0,12.11
2025-09-27,17:58:00,17h,BAT,Med,1.44,0.0,0.0,0.0,11.566,0.125,1.44,15.0,11.94
2025-09-27,17:59:00,17h,BAT,Med,1.44,0.0,0.0,0.0,11.554,0.125,1.44,15.0,12.095
2025-09-28,12:00:00,12h,PV,Med,1.44,18.491,0.078,1.44,11.773,0.0,0.0,49.97,11.983
2025-09-28,12:01:00,12h,PV,Med,1.44,18.317,0.079,1.44,11.797,0.0,0.0,49.97,11.861
2025-09-28,12:02:00,12h,PV,Med,1.44,18.328,0.079,1.44,11.78,0.0,0.0,49.97,11.97
2025-09-28,12:03:00,12h,PV,Med,1.44,18.284,0.079,1.44,11.782,0.0,0.0,49.93,11.967
2025-09-28,12:04:00,12h,PV,Med,1.44,18.263,0.079,1.44,11.754,0.0,0.0,49.91,12.024
2025-09-28,12:05:00,12h,PV,Med,1.44,18.196,0.079,1.44,11.766,0.0,0.0,49.91,12.025
2025-09-28,12:06:00,12h,PV,Med,1.44,18.366,0.078,1.44,11.782,0.0,0.0,49.76,12.011
2025-09-28,12:07:00,12h,PV,Med,1.44,18.252,0.079,1.44,11.747,0.0,0.0,49.76,12.069
2025-09-28,12:08:00,12h,PV,Med,1.44,18.165,0.079,1.44,11.763,0.0,0.0,49.65,11.895
2025-09-28,12:09:00,12h,PV,Med,1.44,18.088,0.08,1.44,11.793,0.0,0.0,49.61,12.003
2025-09-28,12:10:00,12h,PV,Med,1.44,17.978,0.08,1.44,11.79,0.0,0.0,49.5,11.889
2025-09-28,12:11:00,12h,PV,Med,1.44,18.174,0.079,1.44,11.764,0.0,0.0,49.41,11.847
2025-09-28,12:12:00,12h,PV,Med,1.44,18.274,0.079,1.44,11.775,0.0,0.0,49.18,12.149
2025-09-28,12:13:00,12h,PV,Med,1.44,18.186,0.079,1.44,11.773,0.0,0.0,49.18,12.043
2025-09-28,12:14:00,12h,PV,Med,1.44,18.482,0.078,1.44,11.784,0.0,0.0,49.18,12.166
2025-09-28,12:15:00,12h,PV,Med,1.44,18.101,0.08,1.44,11.776,0.0,0.0,49.18,11.929
2025-09-28,12:16:00,12h,PV,Med,1.44,18.179,0.079,1.44,11.77,0.0,0.0,49.18,11.983
2025-09-28,12:17:00,12h,PV,Med,1.44,18.318,0.079,1.44,11.775,0.0,0.0,49.18,11.91
2025-09-28,12:18:00,12h,PV,Med,1.44,18.271,0.079,1.44,11.746,0.0,0.0,48.93,12.043
2025-09-28,12:19:00,12h,PV,Med,1.44,18.104,0.08,1.44,11.753,0.0,0.0,48.93,11.847
2025-09-28,12:20:00,12h,PV,Med,1.44,18.328,0.079,1.44,11.781,0.0,0.0,48.91,11.976
2025-09-28,12:21:00,12h,PV,Med,1.44,18.07,0.08,1.44,11.755,0.0,0.0,48.91,12.12
2025-09-28,12:22:00,12h,PV,Med,1.44,18.209,0.079,1.44,11.771,0.0,0.0,48.91,11.966
2025-09-28,12:23:00,12h,PV,Med,1.44,18.173,0.079,1.44,11.749,0.0,0.0,48.75,11.99
2025-09-28,12:24:00,12h,PV,Med,1.44,18.145,0.079,1.44,11.743,0.0,0.0,48.75,12.141
2025-09-28,12:25:00,12h,PV,Med,1.44,18.117,0.079,1.44,11.777,0.0,0.0,48.67,12.022
2025-09-28,12:26:00,12h,PV,Med,1.44,18.272,0.079,1.44,11.762,0.0,0.0,48.67,11.921
2025-09-28,12:27:00,12h,PV,Med,1.44,18.191,0.079,1.44,11.785,0.0,0.0,48.67,12.043
2025-09-28,12:28:00,12h,PV,Med,1.44,18.128,0.079,1.44,11.756,0.0,0.0,48.6,12.074
2025-09-28,12:29:00,12h,PV,Med,1.44,18.296,0.079,1.44,11.793,0.0,0.0,48.5,11.993
2025-09-28,12:30:00,12h,BAT,Med,1.44,0.0,0.0,0.0,11.743,0.123,1.44,46.64,11.992
2025-09-28,12:31:00,12h,BAT,Med,1.44,0.0,0.0,0.0,11.767,0.122,1.44,44.95,12.026
2025-09-28,12:32:00,12h,BAT,Med,1.44,0.0,0.0,0.0,11.766,0.122,1.44,43.13,11.936
2025-09-28,12:33:00,12h,BAT,Med,1.44,0.0,0.0,0.0,11.737,0.123,1.44,41.43,12.076
2025-09-28,12:34:00,12h,BAT,Med,1.44,0.0,0.0,0.0,11.733,0.123,1.44,39.61,11.988
2025-09-28,12:35:00,12h,BAT,Med,1.44,0.0,0.0,0.0,11.69,0.123,1.44,37.8,12.02
2025-09-28,12:36:00,12h,BAT,Med,1.44,0.0,0.0,0.0,11.689,0.123,1.44,36.0,12.03
2025-09-28,12:37:00,12h,BAT,Med,1.44,0.0,0.0,0.0,11.681,0.123,1.44,34.23,12.032
2025-09-28,12:38:00,12h,BAT,Med,1.44,0.0,0.0,0.0,11.672,0.123,1.44,32.51,11.944
2025-09-28,12:39:00,12h,BAT,Med,1.44,0.0,0.0,0.0,11.682,0.123,1.44,30.74,12.033
2025-09-28,12:40:00,12h,BAT,Med,1.44,0.0,0.0,0.0,11.653,0.124,1.44,28.87,12.064
2025-09-28,12:41:00,12h,BAT,Med,1.44,0.0,0.0,0.0,11.635,0.124,1.44,27.1,12.096
2025-09-28,12:42:00,12h,BAT,Med,1.44,0.0,0.0,0.0,11.609,0.124,1.44,25.43,12.193
2025-09-28,12:43:00,12h,BAT,Med,1.44,0.0,0.0,0.0,11.626,0.124,1.44,23.63,12.062
2025-09-28,12:44:00,12h,BAT,Med,1.44,0.0,0.0,0.0,11.614,0.124,1.44,21.76,12.003
2025-09-28,12:45:00,12h,BAT,Med,1.44,0.0,0.0,0.0,11.607,0.124,1.44,19.94,11.906
2025-09-28,12:46:00,12h,BAT,Med,1.44,0.0,0.0,0.0,11.611,0.124,1.44,18.06,12.018
2025-09-28,12:47:00,12h,BAT,Med,1.44,0.0,0.0,0.0,11.583,0.124,1.44,16.24,11.922
2025-09-28,12:48:00,12h,BAT,Med,1.44,0.0,0.0,0.0,11.566,0.125,1.44,15.0,11.977
2025-09-28,12:49:00,12h,BAT,Med,1.44,0.0,0.0,0.0,11.578,0.124,1.44,15.0,12.216
2025-09-28,12:50:00,12h,BAT,Med,1.44,0.0,0.0,0.0,11.587,0.124,1.44,15.0,12.038
2025-09-28,12:51:00,12h,BAT,Med,1.44,0.0,0.0,0.0,11.54,0.125,1.44,15.0,11.992
2025-09-28,12:52:00,12h,BAT,Med,1.44,0.0,0.0,0.0,11.596,0.124,1.44,15.0,11.917
2025-09-28,12:53:00,12h,BAT,Med,1.44,0.0,0.0,0.0,11.586,0.124,1.44,15.0,11.983
2025-09-28,12:54:00,12h,BAT,Med,1.44,0.0,0.0,0.0,11.572,0.124,1.44,15.0,11.956
2025-09-28,12:55:00,12h,BAT,Med,1.44,0.0,0.0,0.0,11.577,0.124,1.44,15.0,12.055
2025-09-28,12:56:00,12h,BAT,Med,1.44,0.0,0.0,0.0,11.532,0.125,1.44,15.0,11.971
2025-09-28,12:57:00,12h,BAT,Med,1.44,0.0,0.0,0.0,11.565,0.125,1.44,15.0,11.93
2025-09-28,12:58:00,12h,BAT,Med,1.44,0.0,0.0,0.0,11.564,0.125,1.44,15.0,12.157
2025-09-28,12:59:00,12h,BAT,Med,1.44,0.0,0.0,0.0,11.589,0.124,1.44,15.0,12.108
2025-09-28,17:00:00,17h,PV,Med,1.44,17.812,0.081,1.44,11.763,0.0,0.0,49.53,12.133
2025-09-28,17:01:00,17h,PV,Med,1.44,18.221,0.079,1.44,11.775,0.0,0.0,48.64,12.054
2025-09-28,17:02:00,17h,PV,Med,1.44,18.091,0.08,1.44,11.763,0.0,0.0,47.95,12.102
2025-09-28,17:03:00,17h,PV,Med,1.44,17.979,0.08,1.44,11.784,0.0,0.0,47.1,11.996
2025-09-28,17:04:00,17h,PV,Med,1.44,18.211,0.079,1.44,11.744,0.0,0.0,46.46,12.067
2025-09-28,17:05:00,17h,PV,Med,1.44,18.064,0.08,1.44,11.746,0.0,0.0,45.97,12.1
2025-09-28,17:06:00,17h,PV,Med,1.44,18.112,0.08,1.44,11.771,0.0,0.0,45.43,12.142
2025-09-28,17:07:00,17h,PV,Med,1.44,17.822,0.081,1.44,11.748,0.0,0.0,44.74,12.141
2025-09-28,17:08:00,17h,PV,Med,1.44,18.022,0.08,1.44,11.738,0.0,0.0,44.0,11.971
2025-09-28,17:09:00,17h,PV,Med,1.44,17.909,0.08,1.44,11.73,0.0,0.0,43.58,11.995
2025-09-28,17:10:00,17h,PV,Med,1.44,18.131,0.079,1.44,11.753,0.0,0.0,43.04,11.964
2025-09-28,17:11:00,17h,PV,Med,1.44,18.036,0.08,1.44,11.729,0.0,0.0,42.56,11.868
2025-09-28,17:12:00,17h,PV,Med,1.44,18.065,0.08,1.44,11.712,0.0,0.0,41.85,11.973
2025-09-28,17:13:00,17h,PV,Med,1.44,18.094,0.08,1.44,11.75,0.0,0.0,41.08,12.006
2025-09-28,17:14:00,17h,PV,Med,1.44,18.215,0.079,1.44,11.75,0.0,0.0,40.61,11.963
2025-09-28,17:15:00,17h,PV,Med,1.44,17.968,0.08,1.44,11.739,0.0,0.0,39.64,12.092
2025-09-28,17:16:00,17h,PV,Med,1.44,18.166,0.079,1.44,11.708,0.0,0.0,38.9,11.91
2025-09-28,17:17:00,17h,PV,Med,1.44,18.045,0.08,1.44,11.728,0.0,0.0,38.18,12.023
2025-09-28,17:18:00,17h,PV,Med,1.44,17.901,0.08,1.44,11.726,0.0,0.0,37.8,11.929
2025-09-28,17:19:00,17h,PV,Med,1.44,18.011,0.08,1.44,11.688,0.0,0.0,36.91,12.106
2025-09-28,17:20:00,17h,PV,Med,1.44,18.041,0.08,1.44,11.717,0.0,0.0,36.29,11.951
2025-09-28,17:21:00,17h,PV,Med,1.44,18.282,0.079,1.44,11.695,0.0,0.0,35.84,12.042
2025-09-28,17:22:00,17h,PV,Med,1.44,18.116,0.079,1.44,11.667,0.0,0.0,35.34,11.896
2025-09-28,17:23:00,17h,PV,Med,1.44,18.013,0.08,1.44,11.685,0.0,0.0,34.52,11.971
2025-09-28,17:24:00,17h,PV,Med,1.44,17.891,0.08,1.44,11.693,0.0,0.0,34.07,11.895
2025-09-28,17:25:00,17h,PV,Med,1.44,18.142,0.079,1.44,11.674,0.0,0.0,33.31,12.101
2025-09-28,17:26:00,17h,PV,Med,1.44,18.178,0.079,1.44,11.683,0.0,0.0,32.92,12.01
2025-09-28,17:27:00,17h,PV,Med,1.44,18.155,0.079,1.44,11.679,0.0,0.0,32.67,11.995
2025-09-28,17:28:00,17h,PV,Med,1.44,18.171,0.079,1.44,11.705,0.0,0.0,32.25,11.964
2025-09-28,17:29:00,17h,PV,Med,1.44,18.138,0.079,1.44,11.657,0.0,0.0,31.56,11.926
2025-09-28,17:30:00,17h,BAT,Med,1.44,0.0,0.0,0.0,11.636,0.124,1.44,29.63,11.927
2025-09-28,17:31:00,17h,BAT,Med,1.44,0.0,0.0,0.0,11.652,0.124,1.44,27.78,11.987
2025-09-28,17:32:00,17h,BAT,Med,1.44,0.0,0.0,0.0,11.618,0.124,1.44,25.81,11.964
2025-09-28,17:33:00,17h,BAT,Med,1.44,0.0,0.0,0.0,11.613,0.124,1.44,24.07,11.963
2025-09-28,17:34:00,17h,BAT,Med,1.44,0.0,0.0,0.0,11.628,0.124,1.44,22.25,11.978
2025-09-28,17:35:00,17h,BAT,Med,1.44,0.0,0.0,0.0,11.607,0.124,1.44,20.43,11.944
2025-09-28,17:36:00,17h,BAT,Med,1.44,0.0,0.0,0.0,11.588,0.124,1.44,18.69,12.036
2025-09-28,17:37:00,17h,BAT,Med,1.44,0.0,0.0,0.0,11.574,0.124,1.44,16.83,11.982
2025-09-28,17:38:00,17h,BAT,Med,1.44,0.0,0.0,0.0,11.577,0.124,1.44,15.0,11.984
2025-09-28,17:39:00,17h,BAT,Med,1.44,0.0,0.0,0.0,11.601,0.124,1.44,15.0,12.065
2025-09-28,17:40:00,17h,BAT,Med,1.44,0.0,0.0,0.0,11.59,0.124,1.44,15.0,11.953
2025-09-28,17:41:00,17h,BAT,Med,1.44,0.0,0.0,0.0,11.568,0.124,1.44,15.0,11.839
2025-09-28,17:42:00,17h,BAT,Med,1.44,0.0,0.0,0.0,11.56,0.125,1.44,15.0,11.947
2025-09-28,17:43:00,17h,BAT,Med,1.44,0.0,0.0,0.0,11.559,0.125,1.44,15.0,11.954
2025-09-28,17:44:00,17h,BAT,Med,1.44,0.0,0.0,0.0,11.561,0.125,1.44,15.0,12.089
2025-09-28,17:45:00,17h,BAT,Med,1.44,0.0,0.0,0.0,11.548,0.125,1.44,15.0,11.935
2025-09-28,17:46:00,17h,BAT,Med,1.44,0.0,0.0,0.0,11.571,0.124,1.44,15.0,11.88
2025-09-28,17:47:00,17h,BAT,Med,1.44,0.0,0.0,0.0,11.566,0.125,1.44,15.0,12.086
2025-09-28,17:48:00,17h,BAT,Med,1.44,0.0,0.0,0.0,11.547,0.125,1.44,15.0,11.984
2025-09-28,17:49:00,17h,BAT,Med,1.44,0.0,0.0,0.0,11.574,0.124,1.44,15.0,12.08
2025-09-28,17:50:00,17h,BAT,Med,1.44,0.0,0.0,0.0,11.588,0.124,1.44,15.0,12.079
2025-09-28,17:51:00,17h,BAT,Med,1.44,0.0,0.0,0.0,11.561,0.125,1.44,15.0,11.977
2025-09-28,17:52:00,17h,BAT,Med,1.44,0.0,0.0,0.0,11.572,0.124,1.44,15.0,12.011
2025-09-28,17:53:00,17h,BAT,Med,1.44,0.0,0.0,0.0,11.574,0.124,1.44,15.0,12.172
2025-09-28,17:54:00,17h,BAT,Med,1.44,0.0,0.0,0.0,11.588,0.124,1.44,15.0,11.866
2025-09-28,17:55:00,17h,BAT,Med,1.44,0.0,0.0,0.0,11.569,0.124,1.44,15.0,12.066
2025-09-28,17:56:00,17h,BAT,Med,1.44,0.0,0.0,0.0,11.571,0.124,1.44,15.0,11.934
2025-09-28,17:57:00,17h,BAT,Med,1.44,0.0,0.0,0.0,11.556,0.125,1.44,15.0,11.903
2025-09-28,17:58:00,17h,BAT,Med,1.44,0.0,0.0,0.0,11.586,0.124,1.44,15.0,12.086
2025-09-28,17:59:00,17h,BAT,Med,1.44,0.0,0.0,0.0,11.55,0.125,1.44,15.0,12.086
